Info: Packing constants..
Info: Inserting IO buffers..
Info:     IO port 'clk' driven by IBUF '$iopadmap$tnf_mac_e4m8_pnr_top.clk'
Info:     IO port 'in_valid' driven by IBUF '$iopadmap$tnf_mac_e4m8_pnr_top.in_valid'
Info:     IO port 'out_valid' driven by OBUF '$iopadmap$tnf_mac_e4m8_pnr_top.out_valid'
Info:     IO port 'rst' driven by IBUF '$iopadmap$tnf_mac_e4m8_pnr_top.rst'
Info:     IO port 'acc[0]' driven by IBUF '$iopadmap$tnf_mac_e4m8_pnr_top.acc'
Info:     IO port 'acc[1]' driven by IBUF '$iopadmap$tnf_mac_e4m8_pnr_top.acc_1'
Info:     IO port 'acc[10]' driven by IBUF '$iopadmap$tnf_mac_e4m8_pnr_top.acc_10'
Info:     IO port 'acc[11]' driven by IBUF '$iopadmap$tnf_mac_e4m8_pnr_top.acc_11'
Info:     IO port 'acc[12]' driven by IBUF '$iopadmap$tnf_mac_e4m8_pnr_top.acc_12'
Info:     IO port 'acc[13]' driven by IBUF '$iopadmap$tnf_mac_e4m8_pnr_top.acc_13'
Info:     IO port 'acc[14]' driven by IBUF '$iopadmap$tnf_mac_e4m8_pnr_top.acc_14'
Info:     IO port 'acc[15]' driven by IBUF '$iopadmap$tnf_mac_e4m8_pnr_top.acc_15'
Info:     IO port 'acc[2]' driven by IBUF '$iopadmap$tnf_mac_e4m8_pnr_top.acc_2'
Info:     IO port 'acc[3]' driven by IBUF '$iopadmap$tnf_mac_e4m8_pnr_top.acc_3'
Info:     IO port 'acc[4]' driven by IBUF '$iopadmap$tnf_mac_e4m8_pnr_top.acc_4'
Info:     IO port 'acc[5]' driven by IBUF '$iopadmap$tnf_mac_e4m8_pnr_top.acc_5'
Info:     IO port 'acc[6]' driven by IBUF '$iopadmap$tnf_mac_e4m8_pnr_top.acc_6'
Info:     IO port 'acc[7]' driven by IBUF '$iopadmap$tnf_mac_e4m8_pnr_top.acc_7'
Info:     IO port 'acc[8]' driven by IBUF '$iopadmap$tnf_mac_e4m8_pnr_top.acc_8'
Info:     IO port 'acc[9]' driven by IBUF '$iopadmap$tnf_mac_e4m8_pnr_top.acc_9'
Info:     IO port 'result[0]' driven by OBUF '$iopadmap$tnf_mac_e4m8_pnr_top.result'
Info:     IO port 'result[1]' driven by OBUF '$iopadmap$tnf_mac_e4m8_pnr_top.result_1'
Info:     IO port 'result[10]' driven by OBUF '$iopadmap$tnf_mac_e4m8_pnr_top.result_10'
Info:     IO port 'result[11]' driven by OBUF '$iopadmap$tnf_mac_e4m8_pnr_top.result_11'
Info:     IO port 'result[12]' driven by OBUF '$iopadmap$tnf_mac_e4m8_pnr_top.result_12'
Info:     IO port 'result[13]' driven by OBUF '$iopadmap$tnf_mac_e4m8_pnr_top.result_13'
Info:     IO port 'result[14]' driven by OBUF '$iopadmap$tnf_mac_e4m8_pnr_top.result_14'
Info:     IO port 'result[15]' driven by OBUF '$iopadmap$tnf_mac_e4m8_pnr_top.result_15'
Info:     IO port 'result[2]' driven by OBUF '$iopadmap$tnf_mac_e4m8_pnr_top.result_2'
Info:     IO port 'result[3]' driven by OBUF '$iopadmap$tnf_mac_e4m8_pnr_top.result_3'
Info:     IO port 'result[4]' driven by OBUF '$iopadmap$tnf_mac_e4m8_pnr_top.result_4'
Info:     IO port 'result[5]' driven by OBUF '$iopadmap$tnf_mac_e4m8_pnr_top.result_5'
Info:     IO port 'result[6]' driven by OBUF '$iopadmap$tnf_mac_e4m8_pnr_top.result_6'
Info:     IO port 'result[7]' driven by OBUF '$iopadmap$tnf_mac_e4m8_pnr_top.result_7'
Info:     IO port 'result[8]' driven by OBUF '$iopadmap$tnf_mac_e4m8_pnr_top.result_8'
Info:     IO port 'result[9]' driven by OBUF '$iopadmap$tnf_mac_e4m8_pnr_top.result_9'
Info:     IO port 'sample[0]' driven by IBUF '$iopadmap$tnf_mac_e4m8_pnr_top.sample'
Info:     IO port 'sample[1]' driven by IBUF '$iopadmap$tnf_mac_e4m8_pnr_top.sample_1'
Info:     IO port 'sample[10]' driven by IBUF '$iopadmap$tnf_mac_e4m8_pnr_top.sample_10'
Info:     IO port 'sample[11]' driven by IBUF '$iopadmap$tnf_mac_e4m8_pnr_top.sample_11'
Info:     IO port 'sample[12]' driven by IBUF '$iopadmap$tnf_mac_e4m8_pnr_top.sample_12'
Info:     IO port 'sample[13]' driven by IBUF '$iopadmap$tnf_mac_e4m8_pnr_top.sample_13'
Info:     IO port 'sample[14]' driven by IBUF '$iopadmap$tnf_mac_e4m8_pnr_top.sample_14'
Info:     IO port 'sample[15]' driven by IBUF '$iopadmap$tnf_mac_e4m8_pnr_top.sample_15'
Info:     IO port 'sample[2]' driven by IBUF '$iopadmap$tnf_mac_e4m8_pnr_top.sample_2'
Info:     IO port 'sample[3]' driven by IBUF '$iopadmap$tnf_mac_e4m8_pnr_top.sample_3'
Info:     IO port 'sample[4]' driven by IBUF '$iopadmap$tnf_mac_e4m8_pnr_top.sample_4'
Info:     IO port 'sample[5]' driven by IBUF '$iopadmap$tnf_mac_e4m8_pnr_top.sample_5'
Info:     IO port 'sample[6]' driven by IBUF '$iopadmap$tnf_mac_e4m8_pnr_top.sample_6'
Info:     IO port 'sample[7]' driven by IBUF '$iopadmap$tnf_mac_e4m8_pnr_top.sample_7'
Info:     IO port 'sample[8]' driven by IBUF '$iopadmap$tnf_mac_e4m8_pnr_top.sample_8'
Info:     IO port 'sample[9]' driven by IBUF '$iopadmap$tnf_mac_e4m8_pnr_top.sample_9'
Info:     IO port 'weight[0]' driven by IBUF '$iopadmap$tnf_mac_e4m8_pnr_top.weight'
Info:     IO port 'weight[1]' driven by IBUF '$iopadmap$tnf_mac_e4m8_pnr_top.weight_1'
Info:     Constraining 'clk' to site 'IOB_X0Y226'
Info:     Tile 'LIOB33_X0Y225'
Info:     Constraining 'in_valid' to site 'IOB_X0Y230'
Info:     Tile 'LIOB33_X0Y229'
Info:     Constraining 'out_valid' to site 'IOB_X0Y93'
Info:     Tile 'LIOB33_X0Y93'
Info:     Constraining 'rst' to site 'IOB_X1Y197'
Info:     Tile 'RIOB33_X105Y197'
Info:     Constraining 'acc[0]' to site 'IOB_X0Y229'
Info:     Tile 'LIOB33_X0Y229'
Info:     Constraining 'acc[1]' to site 'IOB_X0Y232'
Info:     Tile 'LIOB33_X0Y231'
Info:     Constraining 'acc[10]' to site 'IOB_X1Y130'
Info:     Tile 'RIOB33_X105Y129'
Info:     Constraining 'acc[11]' to site 'IOB_X1Y113'
Info:     Tile 'RIOB33_X105Y113'
Info:     Constraining 'acc[12]' to site 'IOB_X1Y106'
Info:     Tile 'RIOB33_X105Y105'
Info:     Constraining 'acc[13]' to site 'IOB_X0Y84'
Info:     Tile 'LIOB33_X0Y83'
Info:     Constraining 'acc[14]' to site 'IOB_X0Y82'
Info:     Tile 'LIOB33_X0Y81'
Info:     Constraining 'acc[15]' to site 'IOB_X0Y81'
Info:     Tile 'LIOB33_X0Y81'
Info:     Constraining 'acc[2]' to site 'IOB_X0Y231'
Info:     Tile 'LIOB33_X0Y231'
Info:     Constraining 'acc[3]' to site 'IOB_X0Y216'
Info:     Tile 'LIOB33_X0Y215'
Info:     Constraining 'acc[4]' to site 'IOB_X0Y215'
Info:     Tile 'LIOB33_X0Y215'
Info:     Constraining 'acc[5]' to site 'IOB_X0Y217'
Info:     Tile 'LIOB33_X0Y217'
Info:     Constraining 'acc[6]' to site 'IOB_X0Y207'
Info:     Tile 'LIOB33_X0Y207'
Info:     Constraining 'acc[7]' to site 'IOB_X1Y136'
Info:     Tile 'RIOB33_X105Y135'
Info:     Constraining 'acc[8]' to site 'IOB_X1Y131'
Info:     Tile 'RIOB33_X105Y131'
Info:     Constraining 'acc[9]' to site 'IOB_X1Y127'
Info:     Tile 'RIOB33_X105Y127'
Info:     Constraining 'result[0]' to site 'IOB_X0Y91'
Info:     Tile 'LIOB33_X0Y91'
Info:     Constraining 'result[1]' to site 'IOB_X0Y96'
Info:     Tile 'LIOB33_X0Y95'
Info:     Constraining 'result[10]' to site 'IOB_X0Y236'
Info:     Tile 'LIOB33_X0Y235'
Info:     Constraining 'result[11]' to site 'IOB_X0Y235'
Info:     Tile 'LIOB33_X0Y235'
Info:     Constraining 'result[12]' to site 'IOB_X0Y228'
Info:     Tile 'LIOB33_X0Y227'
Info:     Constraining 'result[13]' to site 'IOB_X0Y227'
Info:     Tile 'LIOB33_X0Y227'
Info:     Constraining 'result[14]' to site 'IOB_X0Y218'
Info:     Tile 'LIOB33_X0Y217'
Info:     Constraining 'result[15]' to site 'IOB_X0Y208'
Info:     Tile 'LIOB33_X0Y207'
Info:     Constraining 'result[2]' to site 'IOB_X0Y95'
Info:     Tile 'LIOB33_X0Y95'
Info:     Constraining 'result[3]' to site 'IOB_X0Y115'
Info:     Tile 'LIOB33_X0Y115'
Info:     Constraining 'result[4]' to site 'IOB_X0Y119'
Info:     Tile 'LIOB33_X0Y119'
Info:     Constraining 'result[5]' to site 'IOB_X0Y130'
Info:     Tile 'LIOB33_X0Y129'
Info:     Constraining 'result[6]' to site 'IOB_X0Y129'
Info:     Tile 'LIOB33_X0Y129'
Info:     Constraining 'result[7]' to site 'IOB_X1Y198'
Info:     Tile 'RIOB33_X105Y197'
Info:     Constraining 'result[8]' to site 'IOB_X1Y195'
Info:     Tile 'RIOB33_X105Y195'
Info:     Constraining 'result[9]' to site 'IOB_X0Y233'
Info:     Tile 'LIOB33_X0Y233'
Info:     Constraining 'sample[0]' to site 'IOB_X0Y94'
Info:     Tile 'LIOB33_X0Y93'
Info:     Constraining 'sample[1]' to site 'IOB_X0Y89'
Info:     Tile 'LIOB33_X0Y89'
Info:     Constraining 'sample[10]' to site 'IOB_X1Y134'
Info:     Tile 'RIOB33_X105Y133'
Info:     Constraining 'sample[11]' to site 'IOB_X1Y129'
Info:     Tile 'RIOB33_X105Y129'
Info:     Constraining 'sample[12]' to site 'IOB_X1Y109'
Info:     Tile 'RIOB33_X105Y109'
Info:     Constraining 'sample[13]' to site 'IOB_X1Y110'
Info:     Tile 'RIOB33_X105Y109'
Info:     Constraining 'sample[14]' to site 'IOB_X1Y105'
Info:     Tile 'RIOB33_X105Y105'
Info:     Constraining 'sample[15]' to site 'IOB_X0Y83'
Info:     Tile 'LIOB33_X0Y83'
Info:     Constraining 'sample[2]' to site 'IOB_X0Y92'
Info:     Tile 'LIOB33_X0Y91'
Info:     Constraining 'sample[3]' to site 'IOB_X0Y97'
Info:     Tile 'LIOB33_X0Y97'
Info:     Constraining 'sample[4]' to site 'IOB_X0Y116'
Info:     Tile 'LIOB33_X0Y115'
Info:     Constraining 'sample[5]' to site 'IOB_X0Y120'
Info:     Tile 'LIOB33_X0Y119'
Info:     Constraining 'sample[6]' to site 'IOB_X0Y134'
Info:     Tile 'LIOB33_X0Y133'
Info:     Constraining 'sample[7]' to site 'IOB_X0Y133'
Info:     Tile 'LIOB33_X0Y133'
Info:     Constraining 'sample[8]' to site 'IOB_X1Y135'
Info:     Tile 'RIOB33_X105Y135'
Info:     Constraining 'sample[9]' to site 'IOB_X1Y133'
Info:     Tile 'RIOB33_X105Y133'
Info:     Constraining 'weight[0]' to site 'IOB_X0Y86'
Info:     Tile 'LIOB33_X0Y85'
Info:     Constraining 'weight[1]' to site 'IOB_X0Y85'
Info:     Tile 'LIOB33_X0Y85'
Info: Generating input buffer for '$iopadmap$tnf_mac_e4m8_pnr_top.clk'
Info: Generating input buffer for '$iopadmap$tnf_mac_e4m8_pnr_top.in_valid'
Info: Generating output buffer for '$iopadmap$tnf_mac_e4m8_pnr_top.out_valid'
Info: Generating input buffer for '$iopadmap$tnf_mac_e4m8_pnr_top.rst'
Info: Generating input buffer for '$iopadmap$tnf_mac_e4m8_pnr_top.acc'
Info: Generating input buffer for '$iopadmap$tnf_mac_e4m8_pnr_top.acc_1'
Info: Generating input buffer for '$iopadmap$tnf_mac_e4m8_pnr_top.acc_10'
Info: Generating input buffer for '$iopadmap$tnf_mac_e4m8_pnr_top.acc_11'
Info: Generating input buffer for '$iopadmap$tnf_mac_e4m8_pnr_top.acc_12'
Info: Generating input buffer for '$iopadmap$tnf_mac_e4m8_pnr_top.acc_13'
Info: Generating input buffer for '$iopadmap$tnf_mac_e4m8_pnr_top.acc_14'
Info: Generating input buffer for '$iopadmap$tnf_mac_e4m8_pnr_top.acc_15'
Info: Generating input buffer for '$iopadmap$tnf_mac_e4m8_pnr_top.acc_2'
Info: Generating input buffer for '$iopadmap$tnf_mac_e4m8_pnr_top.acc_3'
Info: Generating input buffer for '$iopadmap$tnf_mac_e4m8_pnr_top.acc_4'
Info: Generating input buffer for '$iopadmap$tnf_mac_e4m8_pnr_top.acc_5'
Info: Generating input buffer for '$iopadmap$tnf_mac_e4m8_pnr_top.acc_6'
Info: Generating input buffer for '$iopadmap$tnf_mac_e4m8_pnr_top.acc_7'
Info: Generating input buffer for '$iopadmap$tnf_mac_e4m8_pnr_top.acc_8'
Info: Generating input buffer for '$iopadmap$tnf_mac_e4m8_pnr_top.acc_9'
Info: Generating output buffer for '$iopadmap$tnf_mac_e4m8_pnr_top.result'
Info: Generating output buffer for '$iopadmap$tnf_mac_e4m8_pnr_top.result_1'
Info: Generating output buffer for '$iopadmap$tnf_mac_e4m8_pnr_top.result_10'
Info: Generating output buffer for '$iopadmap$tnf_mac_e4m8_pnr_top.result_11'
Info: Generating output buffer for '$iopadmap$tnf_mac_e4m8_pnr_top.result_12'
Info: Generating output buffer for '$iopadmap$tnf_mac_e4m8_pnr_top.result_13'
Info: Generating output buffer for '$iopadmap$tnf_mac_e4m8_pnr_top.result_14'
Info: Generating output buffer for '$iopadmap$tnf_mac_e4m8_pnr_top.result_15'
Info: Generating output buffer for '$iopadmap$tnf_mac_e4m8_pnr_top.result_2'
Info: Generating output buffer for '$iopadmap$tnf_mac_e4m8_pnr_top.result_3'
Info: Generating output buffer for '$iopadmap$tnf_mac_e4m8_pnr_top.result_4'
Info: Generating output buffer for '$iopadmap$tnf_mac_e4m8_pnr_top.result_5'
Info: Generating output buffer for '$iopadmap$tnf_mac_e4m8_pnr_top.result_6'
Info: Generating output buffer for '$iopadmap$tnf_mac_e4m8_pnr_top.result_7'
Info: Generating output buffer for '$iopadmap$tnf_mac_e4m8_pnr_top.result_8'
Info: Generating output buffer for '$iopadmap$tnf_mac_e4m8_pnr_top.result_9'
Info: Generating input buffer for '$iopadmap$tnf_mac_e4m8_pnr_top.sample'
Info: Generating input buffer for '$iopadmap$tnf_mac_e4m8_pnr_top.sample_1'
Info: Generating input buffer for '$iopadmap$tnf_mac_e4m8_pnr_top.sample_10'
Info: Generating input buffer for '$iopadmap$tnf_mac_e4m8_pnr_top.sample_11'
Info: Generating input buffer for '$iopadmap$tnf_mac_e4m8_pnr_top.sample_12'
Info: Generating input buffer for '$iopadmap$tnf_mac_e4m8_pnr_top.sample_13'
Info: Generating input buffer for '$iopadmap$tnf_mac_e4m8_pnr_top.sample_14'
Info: Generating input buffer for '$iopadmap$tnf_mac_e4m8_pnr_top.sample_15'
Info: Generating input buffer for '$iopadmap$tnf_mac_e4m8_pnr_top.sample_2'
Info: Generating input buffer for '$iopadmap$tnf_mac_e4m8_pnr_top.sample_3'
Info: Generating input buffer for '$iopadmap$tnf_mac_e4m8_pnr_top.sample_4'
Info: Generating input buffer for '$iopadmap$tnf_mac_e4m8_pnr_top.sample_5'
Info: Generating input buffer for '$iopadmap$tnf_mac_e4m8_pnr_top.sample_6'
Info: Generating input buffer for '$iopadmap$tnf_mac_e4m8_pnr_top.sample_7'
Info: Generating input buffer for '$iopadmap$tnf_mac_e4m8_pnr_top.sample_8'
Info: Generating input buffer for '$iopadmap$tnf_mac_e4m8_pnr_top.sample_9'
Info: Generating input buffer for '$iopadmap$tnf_mac_e4m8_pnr_top.weight'
Info: Generating input buffer for '$iopadmap$tnf_mac_e4m8_pnr_top.weight_1'
Info:     Created 54 PAD cells from:
Info:             54x PAD
Info: Preparing clocking...
Info: Packing constants..
Info: Packing cfg...
Info: Packing PLLs...
Info: Packing Gigabit Transceivers..
Info: Packing global buffers...
Info:     Constrained BUFGCTRL '$auto$clkbufmap.cc:261:execute$5519' to bel 'BUFGCTRL_X0Y16/BUFGCTRL' based on dedicated routing
Info: Packing MUX[789]s..
Info: Packing carries (atomic CARRY4)..
Info:    Packed 46 CARRY4 cells into 18 chains (atomic).
Info: router2 PRECYINIT fix: 46 CARRY4 cells, 64 constant carry pins disconnected
Info: Packing LUTs..
Info:     Created 854 SLICE_LUTX cells from:
Info:            444x LUT1
Info:             66x LUT2
Info:            132x LUT3
Info:             36x LUT4
Info:             62x LUT5
Info:            114x LUT6
Info: Packing DRAM..
Info:    Transformed 0 tied-low DRAM address inputs to be tied-high
Info: Packing BRAM..
Info: Packing DSPs..
Info: Packing flipflops..
Info:     Created 52 SLICE_FFX cells from:
Info:             52x FDRE
Info:     local-const FF control: disconnected 0 SR(=GND) + 52 CE(=VCC) pins from global nets
Info:     Created 112 SELMUX2_1 cells from:
Info:             82x MUXF7
Info:             30x MUXF8
Info: Constrained 16 LUTFF pairs.

Info: Annotating ports with timing budgets for target frequency 50.00 MHz
Info: Checksum: 0x802ffd9f

Info: Device utilisation:
Info: 	          SLICE_LUTX:   854/269200     0%
Info: 	           SLICE_FFX:    52/269200     0%
Info: 	              CARRY4:    46/33650     0%
Info: 	          PSEUDO_GND:     1/69165     0%
Info: 	          PSEUDO_VCC:     1/69165     0%
Info: 	               HARD0:     0/ 3960     0%
Info: 	            RAMB18E1:     0/  730     0%
Info: 	            FIFO18E1:     0/  365     0%
Info: 	        RAMBFIFO36E1:     0/  365     0%
Info: 	            RAMB36E1:     0/  365     0%
Info: 	             DSP48E1:     0/  740     0%
Info: 	                 PAD:    54/ 1062     5%
Info: 	       IOB33M_OUTBUF:     0/  240     0%
Info: 	       IOB33S_OUTBUF:     0/  240     0%
Info: 	        IOB33_OUTBUF:    17/  500     3%
Info: 	     IOB33M_INBUF_EN:     0/  240     0%
Info: 	     IOB33S_INBUF_EN:     0/  240     0%
Info: 	      IOB33_INBUF_EN:    37/  500     7%
Info: 	IOB33M_TERM_OVERRIDE:     0/  240     0%
Info: 	IOB33S_TERM_OVERRIDE:     0/  240     0%
Info: 	 IOB33_TERM_OVERRIDE:     0/  500     0%
Info: 	       PULL_OR_KEEP1:     0/  980     0%
Info: 	            IDELAYE2:     0/  500     0%
Info: 	        OLOGICE3_TFF:     0/  500     0%
Info: 	      OLOGICE3_OUTFF:     0/  500     0%
Info: 	       OLOGICE3_MISR:     0/  500     0%
Info: 	           OSERDESE2:     0/  500     0%
Info: 	        ILOGICE3_IFF:     0/  500     0%
Info: 	ILOGICE3_ZHOLD_DELAY:     0/  500     0%
Info: 	           ISERDESE2:     0/  500     0%
Info: 	                BUFR:     0/   40     0%
Info: 	               BUFIO:     0/   40     0%
Info: 	          IDELAYCTRL:     0/   10     0%
Info: 	            BUFGCTRL:     1/   32     3%
Info: 	            PCIE_2_1:     0/    1     0%
Info: 	               BSCAN:     0/    4     0%
Info: 	                BUFG:     0/   32     0%
Info: 	              BUFHCE:     0/  120     0%
Info: 	            DCIRESET:     0/    1     0%
Info: 	            DNA_PORT:     0/    1     0%
Info: 	           EFUSE_USR:     0/    1     0%
Info: 	           FRAME_ECC:     0/    1     0%
Info: 	       GTPE2_CHANNEL:     0/   16     0%
Info: 	        GTPE2_COMMON:     0/    4     0%
Info: 	         IBUFDS_GTE2:     0/    8     0%
Info: 	                ICAP:     0/    2     0%
Info: 	            INVERTER:     0/  240     0%
Info: 	          MMCME2_ADV:     0/   10     0%
Info: 	        OLOGICE2_TFF:     0/  500     0%
Info: 	      OLOGICE2_OUTFF:     0/  500     0%
Info: 	           PLLE2_ADV:     0/   10     0%
Info: 	           SELMUX2_1:   112/102950     0%
Info: 	             STARTUP:     0/    1     0%
Info: 	          USR_ACCESS:     0/    1     0%
Info: 	              BUFFER:     0/   82     0%
Info: 	        ILOGICE2_IFF:     0/  500     0%
Info: 	       OLOGICE2_MISR:     0/  500     0%

Info: HeAP congestion knobs: beta=0.400 spread_scale=2,1 alpha=0.080
Info: Placed 109 cells based on constraints.
Info: Creating initial analytic placement for 428 cells, random placement wirelen = 236974.
Info:     at initial placer iter 0, wirelen = 14389
Info:     at initial placer iter 1, wirelen = 11771
Info:     at initial placer iter 2, wirelen = 11124
Info:     at initial placer iter 3, wirelen = 10736
Info: Running main analytical placer.
Info:     at iteration #1, type ALL: wirelen solved = 10628, spread = 23490, legal = 22982; time = 0.10s
Info:     at iteration #2, type ALL: wirelen solved = 10412, spread = 21398, legal = 21370; time = 0.08s
Info:     at iteration #3, type ALL: wirelen solved = 10369, spread = 21864, legal = 21283; time = 0.05s
Info:     at iteration #4, type ALL: wirelen solved = 10605, spread = 20278, legal = 19712; time = 0.12s
Info:     at iteration #5, type ALL: wirelen solved = 10535, spread = 19047, legal = 19038; time = 0.08s
Info:     at iteration #6, type ALL: wirelen solved = 10525, spread = 19110, legal = 19388; time = 0.08s
Info:     at iteration #7, type ALL: wirelen solved = 10566, spread = 18020, legal = 18318; time = 0.06s
Info:     at iteration #8, type ALL: wirelen solved = 10791, spread = 17723, legal = 18145; time = 0.16s
Info:     at iteration #9, type ALL: wirelen solved = 10820, spread = 17808, legal = 18043; time = 0.07s
Info:     at iteration #10, type ALL: wirelen solved = 10955, spread = 17890, legal = 18419; time = 0.06s
Info:     at iteration #11, type ALL: wirelen solved = 11211, spread = 18070, legal = 18314; time = 0.24s
Info:     at iteration #12, type ALL: wirelen solved = 11306, spread = 18269, legal = 18584; time = 0.15s
Info:     at iteration #13, type ALL: wirelen solved = 11443, spread = 19309, legal = 19253; time = 0.04s
Info:     at iteration #14, type ALL: wirelen solved = 11600, spread = 18937, legal = 18980; time = 0.04s
Info: HeAP Placer Time: 1.84s
Info:   of which solving equations: 0.70s
Info:   of which spreading cells: 0.44s
Info:   of which strict legalisation: 0.06s

Info: Running simulated annealing placer for refinement.
Info:   at iteration #1: temp = 0.000000, timing cost = 942, wirelen = 18043
Info:   at iteration #5: temp = 0.000000, timing cost = 811, wirelen = 16555
Info:   at iteration #10: temp = 0.000000, timing cost = 799, wirelen = 16364
Info:   at iteration #15: temp = 0.000000, timing cost = 798, wirelen = 16288
Info:   at iteration #15: temp = 0.000000, timing cost = 797, wirelen = 16293 
Info: SA placement time 0.25s

Info: Max frequency for clock '$iopadmap$clk': 20.44 MHz (FAIL at 50.00 MHz)

Info: Slack histogram:
Info:  legend: * represents 1 endpoint(s)
Info:          + represents [1,1) endpoint(s)
Info: [-28924, -26634) |************* 
Info: [-26634, -24344) |** 
Info: [-24344, -22054) | 
Info: [-22054, -19764) | 
Info: [-19764, -17474) | 
Info: [-17474, -15184) | 
Info: [-15184, -12894) | 
Info: [-12894, -10604) | 
Info: [-10604,  -8314) | 
Info: [ -8314,  -6024) | 
Info: [ -6024,  -3734) | 
Info: [ -3734,  -1444) | 
Info: [ -1444,    846) | 
Info: [   846,   3136) |* 
Info: [  3136,   5426) | 
Info: [  5426,   7716) | 
Info: [  7716,  10006) | 
Info: [ 10006,  12296) | 
Info: [ 12296,  14586) | 
Info: [ 14586,  16876) |************** 
Info: Checksum: 0x5f98598f
Info: Running post-placement legalisation...
Info: post-place repair: relocated 137 stranded cluster(s)/cell(s) to valid bels
Info: Routing global clocks...
Info:     routing clock '$auto$clkbufmap.cc:262:execute$5520'
Info:     routing clock '$iopadmap$clk'
Info: Running router2...
Info: Setting up routing resources...
Info: Running main router loop...
Info:     iter=1 wires=13343 overused=240 overuse=244 archfail=NA
Info:     iter=2 wires=13526 overused=0 overuse=0 archfail=0
Info: 1000 slowest nets by runtime:
                                                                     $iopadmap$result[9]      1 65.0ms
                        $techmap5268$abc$4432$auto$blifparse.cc:557:parse_blif$4805.A[2]     40 41.4ms
                                                                    $iopadmap$result[15]      1 36.6ms
                                                                     $iopadmap$result[3]      1 35.1ms
                                                                     $iopadmap$result[7]      1 32.5ms
                                                                     $iopadmap$result[1]      1 31.0ms
                                                                    $iopadmap$result[11]      1 29.8ms
                                                                     $iopadmap$result[0]      1 27.5ms
                                                                     $iopadmap$result[8]      1 25.5ms
                                                                    $iopadmap$result[12]      1 25.4ms
                                                                     $iopadmap$result[4]      1 23.6ms
                                                                    $iopadmap$result[10]      1 23.3ms
                                                                     $iopadmap$out_valid      1 22.6ms
                                    $abc$4432$auto$blifparse.cc:557:parse_blif$4722.A[6]     24 22.5ms
                                                                    $iopadmap$result[14]      1 19.7ms
                                                                    $iopadmap$result[13]      1 18.8ms
                                                                     $iopadmap$weight[1]      1 16.0ms
                                       $abc$4432$auto$opt_dff.cc:360:combine_resets$1470     13 15.8ms
                                                                     $iopadmap$result[6]      1 15.4ms
                        $techmap5213$abc$4432$auto$blifparse.cc:557:parse_blif$4748.A[1]     19 14.8ms
                                                                     $iopadmap$result[5]      1 14.6ms
                                    $abc$4432$auto$blifparse.cc:557:parse_blif$4659.A[7]     14 14.5ms
            $flatten\datapath.\datapath.\accumulate.$gt$rtl/tnf_add_full.v:119$1302.G[1]      1 12.8ms
                                                                     $iopadmap$result[2]      1 12.0ms
                                    $abc$4432$auto$blifparse.cc:557:parse_blif$4454.A[2]     13 11.3ms
                                    $abc$4432$auto$blifparse.cc:557:parse_blif$4486.A[6]     15 10.4ms
                        $techmap5216$abc$4432$auto$blifparse.cc:557:parse_blif$4735.A[5]     18 9.8ms
                                                datapath.datapath.accumulate.exponent[4]      3 9.4ms
                                                                           weight_reg[0]     14 9.0ms
                                    $abc$4432$auto$blifparse.cc:557:parse_blif$4454.A[3]     13 8.9ms
                                    $abc$4432$auto$blifparse.cc:557:parse_blif$4454.A[6]     12 8.9ms
                                    $abc$4432$auto$blifparse.cc:557:parse_blif$4681.A[4]     16 8.4ms
                        $techmap4952$abc$4432$auto$blifparse.cc:557:parse_blif$4433.A[2]     23 8.3ms
                                                                    $iopadmap$sample[14]      1 7.8ms
                                    $abc$4432$auto$blifparse.cc:557:parse_blif$4530.A[6]      6 7.7ms
                                                                     $iopadmap$weight[0]      1 7.6ms
                                    $abc$4432$auto$blifparse.cc:557:parse_blif$4659.A[4]     17 7.5ms
                                    $abc$4432$auto$blifparse.cc:557:parse_blif$4526.A[7]     17 7.3ms
                                    $abc$4432$auto$blifparse.cc:557:parse_blif$4722.A[3]     10 7.2ms
                                    $abc$4432$auto$blifparse.cc:557:parse_blif$4454.A[4]     13 7.1ms
                        $techmap5047$abc$4432$auto$blifparse.cc:557:parse_blif$4559.A[5]     13 7.0ms
                                                               $PACKER_GND_NET$legal$543      1 6.9ms
                        $techmap4972$abc$4432$auto$blifparse.cc:557:parse_blif$4467.A[2]      4 6.9ms
                                                                       $iopadmap$acc[11]      1 6.7ms
                                              $auto$alumacc.cc:512:replace_alu$1845.X[6]     11 6.5ms
                                                datapath.datapath.accumulate.renormalize     16 6.4ms
                                    $abc$4432$auto$blifparse.cc:557:parse_blif$4681.A[7]     11 6.2ms
                        $techmap5070$abc$4432$auto$blifparse.cc:557:parse_blif$4576.A[1]      3 6.2ms
                                    $abc$4432$auto$blifparse.cc:557:parse_blif$4736.A[7]      4 6.2ms
                        $techmap4968$abc$4432$auto$blifparse.cc:557:parse_blif$4462.A[2]      6 6.1ms
                                    $abc$4432$auto$blifparse.cc:557:parse_blif$4659.A[3]     17 6.1ms
                                                                       $iopadmap$acc[14]      1 6.1ms
                                    $abc$4432$auto$blifparse.cc:557:parse_blif$4722.A[5]     11 6.1ms
                                                                              acc_reg[5]      7 6.0ms
                                    $abc$4432$auto$blifparse.cc:557:parse_blif$4646.A[6]     17 5.6ms
                                    $abc$4432$auto$blifparse.cc:557:parse_blif$4653.A[7]      5 5.6ms
                                              $auto$alumacc.cc:512:replace_alu$1845.X[1]     11 5.6ms
                        $techmap4951$abc$4432$auto$blifparse.cc:557:parse_blif$4438.A[0]     10 5.6ms
                        $techmap5216$abc$4432$auto$blifparse.cc:557:parse_blif$4735.A[2]     12 5.5ms
                                    $abc$4432$auto$blifparse.cc:557:parse_blif$4681.A[2]     16 5.5ms
                                                datapath.datapath.accumulate.distance[2]     10 5.5ms
                                    $abc$4432$auto$blifparse.cc:557:parse_blif$4526.A[5]     14 5.4ms
                                    $abc$4432$auto$blifparse.cc:557:parse_blif$4447.A[6]      5 5.4ms
                                    $abc$4432$auto$blifparse.cc:557:parse_blif$4681.A[3]     16 5.4ms
                                    $abc$4432$auto$blifparse.cc:557:parse_blif$4526.A[4]     15 5.3ms
                                                                        $iopadmap$acc[5]      1 5.3ms
                        $techmap4986$abc$4432$auto$blifparse.cc:557:parse_blif$4485.A[2]     14 5.2ms
                        $techmap4968$abc$4432$auto$blifparse.cc:557:parse_blif$4462.A[4]      6 5.2ms
                                                                             acc_reg[12]     10 5.1ms
                                                                             acc_reg[10]     10 5.0ms
                                                                           weight_reg[1]     12 4.9ms
            $flatten\datapath.\datapath.\accumulate.$gt$rtl/tnf_add_full.v:50$1214.CO[2]     11 4.9ms
                                    $abc$4432$auto$blifparse.cc:557:parse_blif$4486.A[3]      8 4.8ms
                                                                     $iopadmap$sample[5]      1 4.7ms
                                                datapath.datapath.accumulate.distance[0]     13 4.7ms
                                    $abc$4432$auto$blifparse.cc:557:parse_blif$4681.A[1]     18 4.7ms
                                    $abc$4432$auto$blifparse.cc:557:parse_blif$4738.A[1]      7 4.6ms
                        $techmap5061$abc$4432$auto$blifparse.cc:557:parse_blif$4573.A[1]      5 4.6ms
                                    $abc$4432$auto$blifparse.cc:557:parse_blif$4736.A[5]      5 4.6ms
                                                datapath.datapath.accumulate.distance[3]      7 4.5ms
                        $techmap4970$abc$4432$auto$blifparse.cc:557:parse_blif$4465.A[4]      6 4.5ms
                        $techmap5108$abc$4432$auto$blifparse.cc:557:parse_blif$4623.A[0]      5 4.5ms
                                                                              acc_reg[8]      7 4.5ms
                                                                        $iopadmap$acc[7]      1 4.4ms
                                    $abc$4432$auto$blifparse.cc:557:parse_blif$4681.A[5]     16 4.3ms
                                    $abc$4432$auto$blifparse.cc:557:parse_blif$4722.A[4]     10 4.3ms
                                                datapath.datapath.accumulate.distance[1]     13 4.3ms
                        $techmap5049$abc$4432$auto$blifparse.cc:557:parse_blif$4563.A[0]      5 4.2ms
                                    $abc$4432$auto$blifparse.cc:557:parse_blif$4454.A[1]     15 4.2ms
                                              $auto$alumacc.cc:512:replace_alu$1845.X[5]      3 4.1ms
                                                                              acc_reg[3]      7 4.0ms
                                                                             acc_reg[14]     11 3.9ms
                        $techmap4981$abc$4432$auto$blifparse.cc:557:parse_blif$4481.A[2]     11 3.9ms
                        $techmap5122$abc$4432$auto$blifparse.cc:557:parse_blif$4634.A[2]     12 3.9ms
                        $techmap4956$abc$4432$auto$blifparse.cc:557:parse_blif$4442.A[1]      7 3.9ms
                                    $abc$4432$auto$blifparse.cc:557:parse_blif$4526.A[2]     13 3.9ms
                                              $auto$alumacc.cc:512:replace_alu$1845.A[0]     10 3.8ms
                                                                              acc_reg[9]     10 3.8ms
                        $techmap5153$abc$4432$auto$blifparse.cc:557:parse_blif$4667.A[2]      6 3.8ms
                                                                             acc_reg[11]     10 3.7ms
                                                                     $iopadmap$sample[6]      1 3.7ms
                        $techmap4965$abc$4432$auto$blifparse.cc:557:parse_blif$4459.A[3]      5 3.6ms
                                      $auto$alumacc.cc:512:replace_alu$1851.genblk1.O[4]      2 3.6ms
                                              $auto$alumacc.cc:512:replace_alu$1860.A[0]      7 3.5ms
                                                                        $iopadmap$acc[9]      1 3.5ms
                                    $abc$4432$auto$blifparse.cc:557:parse_blif$4491.A[3]      5 3.5ms
                                                                     $iopadmap$sample[3]      1 3.5ms
                        $techmap5113$abc$4432$auto$blifparse.cc:557:parse_blif$4593.A[2]      5 3.5ms
                                    $abc$4432$auto$blifparse.cc:557:parse_blif$4736.A[6]      5 3.5ms
                                    $abc$4432$auto$blifparse.cc:557:parse_blif$4659.A[2]     17 3.5ms
                                                                    $iopadmap$sample[11]      1 3.4ms
                                                                              acc_reg[0]      5 3.4ms
                                                                     $iopadmap$sample[1]      1 3.3ms
                                                                              acc_reg[4]      5 3.3ms
                        $techmap5017$abc$4432$auto$blifparse.cc:557:parse_blif$4516.A[2]     11 3.2ms
                                              $auto$alumacc.cc:512:replace_alu$1848.A[0]      4 3.2ms
                                                                     $iopadmap$sample[9]      1 3.2ms
                        $techmap5113$abc$4432$auto$blifparse.cc:557:parse_blif$4593.A[0]      7 3.2ms
                                                                    $iopadmap$sample[12]      1 3.2ms
                                                 datapath.datapath.accumulate.rounded[3]      2 3.2ms
                        $techmap5032$abc$4432$auto$blifparse.cc:557:parse_blif$4547.A[1]      4 3.1ms
                                    $abc$4432$auto$blifparse.cc:557:parse_blif$4736.A[4]      4 3.1ms
                                                                    $iopadmap$sample[10]      1 3.1ms
                        $techmap5051$abc$4432$auto$blifparse.cc:557:parse_blif$4562.A[0]      7 3.1ms
                        $techmap5036$abc$4432$auto$blifparse.cc:557:parse_blif$4448.A[1]      7 3.1ms
                                    $abc$4432$auto$blifparse.cc:557:parse_blif$4736.A[2]      4 3.0ms
                        $techmap5047$abc$4432$auto$blifparse.cc:557:parse_blif$4559.A[2]      3 3.0ms
                                                  datapath.datapath.accumulate.hi_ext[5]      3 3.0ms
                                                  datapath.datapath.accumulate.hi_ext[8]      3 3.0ms
                                                                        $iopadmap$acc[3]      1 3.0ms
                        $techmap4991$abc$4432$auto$blifparse.cc:557:parse_blif$4451.A[4]     11 3.0ms
                                    $abc$4432$auto$blifparse.cc:557:parse_blif$4526.A[3]     13 2.9ms
                        $techmap5177$abc$4432$auto$blifparse.cc:557:parse_blif$4706.A[1]      3 2.9ms
                                                                             acc_reg[15]      4 2.9ms
                        $techmap5063$abc$4432$auto$blifparse.cc:557:parse_blif$4557.A[1]      3 2.8ms
                                              $auto$alumacc.cc:512:replace_alu$1863.Y[7]      2 2.8ms
                                              $auto$alumacc.cc:512:replace_alu$1860.Y[4]      3 2.8ms
                                                                              acc_reg[1]      7 2.8ms
                                              $auto$alumacc.cc:512:replace_alu$1842.Y[3]      2 2.8ms
                                    $abc$4432$auto$blifparse.cc:557:parse_blif$4723.A[2]      4 2.8ms
                                    $abc$4432$auto$blifparse.cc:557:parse_blif$4526.A[1]     13 2.7ms
                                              $auto$alumacc.cc:512:replace_alu$1845.A[7]      4 2.7ms
                        $techmap5056$abc$4432$auto$blifparse.cc:557:parse_blif$4570.A[0]      5 2.7ms
                        $techmap4991$abc$4432$auto$blifparse.cc:557:parse_blif$4451.A[3]     16 2.7ms
                        $techmap4960$abc$4432$auto$blifparse.cc:557:parse_blif$4455.A[1]      6 2.6ms
        $flatten\datapath.\datapath.\accumulate.$ge$rtl/tnf_add_full.v:51$1216.G[1]$legal$611      1 2.6ms
                        $techmap4983$abc$4432$auto$blifparse.cc:557:parse_blif$4479.A[0]      4 2.5ms
                        $techmap4983$abc$4432$auto$blifparse.cc:557:parse_blif$4479.A[2]     11 2.5ms
                        $techmap5015$abc$4432$auto$blifparse.cc:557:parse_blif$4522.A[1]      4 2.5ms
                                    $abc$4432$auto$blifparse.cc:557:parse_blif$4530.A[1]      5 2.5ms
                                                                      $iopadmap$in_valid      1 2.4ms
                                    $abc$4432$auto$blifparse.cc:557:parse_blif$4447.A[5]      3 2.4ms
                                                                       $iopadmap$acc[10]      1 2.4ms
                        $techmap5063$abc$4432$auto$blifparse.cc:557:parse_blif$4557.A[3]      6 2.4ms
                                      $auto$alumacc.cc:512:replace_alu$1851.genblk1.O[2]      1 2.4ms
                                              $auto$alumacc.cc:512:replace_alu$1845.X[2]      5 2.3ms
                                              $auto$alumacc.cc:512:replace_alu$1854.Y[8]      1 2.3ms
                        $techmap5186$abc$4432$auto$blifparse.cc:557:parse_blif$4708.A[1]      2 2.3ms
                        $techmap5106$abc$4432$auto$blifparse.cc:557:parse_blif$4595.A[2]      4 2.3ms
                        $techmap4990$abc$4432$auto$blifparse.cc:557:parse_blif$4490.A[4]      5 2.3ms
                                    $abc$4432$auto$blifparse.cc:557:parse_blif$4738.A[2]      3 2.2ms
                                    $abc$4432$auto$blifparse.cc:557:parse_blif$4727.A[2]      4 2.2ms
                        $techmap4991$abc$4432$auto$blifparse.cc:557:parse_blif$4451.A[2]     16 2.2ms
                                    $abc$4432$auto$blifparse.cc:557:parse_blif$4722.A[2]      4 2.2ms
                                    $abc$4432$auto$blifparse.cc:557:parse_blif$4486.A[4]      3 2.2ms
                                                                             acc_reg[13]      9 2.2ms
                                                  datapath.datapath.accumulate.hi_off[1]      3 2.2ms
                        $techmap5246$abc$4432$auto$blifparse.cc:557:parse_blif$4779.A[5]      4 2.2ms
                        $techmap5106$abc$4432$auto$blifparse.cc:557:parse_blif$4595.A[0]      5 2.2ms
                                                                    $iopadmap$sample[13]      1 2.2ms
                                                  datapath.datapath.accumulate.hi_ext[6]      3 2.2ms
                                              $auto$alumacc.cc:512:replace_alu$1857.A[0]      5 2.1ms
                                                                     $iopadmap$sample[2]      1 2.1ms
                                                 datapath.datapath.accumulate.hi_ext[10]      3 2.1ms
                                              $auto$alumacc.cc:512:replace_alu$1866.Y[3]      1 2.1ms
                                    $abc$4432$auto$blifparse.cc:557:parse_blif$4447.A[3]      7 2.1ms
                        $techmap4952$abc$4432$auto$blifparse.cc:557:parse_blif$4433.A[1]      7 2.1ms
                        $techmap5075$abc$4432$auto$blifparse.cc:557:parse_blif$4586.A[2]      3 2.1ms
                                                                          sample_reg[11]      4 2.1ms
                                              $auto$alumacc.cc:512:replace_alu$1845.X[3]      7 2.0ms
                        $techmap4965$abc$4432$auto$blifparse.cc:557:parse_blif$4459.A[2]      5 2.0ms
                                              $auto$alumacc.cc:512:replace_alu$1842.Y[6]      1 2.0ms
                                      $auto$alumacc.cc:512:replace_alu$1851.genblk1.O[8]      2 2.0ms
                        $techmap5093$abc$4432$auto$blifparse.cc:557:parse_blif$4598.A[0]      3 2.0ms
                                                                        $iopadmap$acc[8]      1 2.0ms
                        $techmap5063$abc$4432$auto$blifparse.cc:557:parse_blif$4557.A[2]      5 2.0ms
                                    $abc$4432$auto$blifparse.cc:557:parse_blif$4530.A[3]      5 2.0ms
                                    $abc$4432$auto$blifparse.cc:557:parse_blif$4447.A[1]      7 2.0ms
                                              $auto$alumacc.cc:512:replace_alu$1854.A[0]      5 1.9ms
                                                                            in_valid_reg      1 1.9ms
                                    $abc$4432$auto$blifparse.cc:557:parse_blif$4530.A[2]      5 1.9ms
                                              $auto$alumacc.cc:512:replace_alu$1863.Y[2]      2 1.9ms
                                                 datapath.datapath.accumulate.rounded[7]      2 1.9ms
                                                    datapath.datapath.accumulate.kept[1]      2 1.9ms
                                                                     $iopadmap$sample[7]      1 1.9ms
                        $techmap5173$abc$4432$auto$blifparse.cc:557:parse_blif$4699.A[2]      2 1.9ms
                                    $abc$4432$auto$blifparse.cc:557:parse_blif$4646.A[3]      4 1.9ms
                                                                              acc_reg[2]      5 1.9ms
                                    $abc$4432$auto$blifparse.cc:557:parse_blif$4537.A[7]      1 1.9ms
                                      $auto$alumacc.cc:512:replace_alu$1851.genblk1.O[0]      2 1.9ms
                        $techmap5054$abc$4432$auto$blifparse.cc:557:parse_blif$4568.A[0]      5 1.8ms
                                    $abc$4432$auto$blifparse.cc:557:parse_blif$4689.A[0]      6 1.8ms
                                              $auto$alumacc.cc:512:replace_alu$1842.Y[4]      2 1.8ms
                                    $abc$4432$auto$blifparse.cc:557:parse_blif$4447.A[2]      7 1.8ms
                        $techmap5148$abc$4432$auto$blifparse.cc:557:parse_blif$4669.A[2]      2 1.8ms
                                    $abc$4432$auto$blifparse.cc:557:parse_blif$4728.A[2]      4 1.8ms
                                              $auto$alumacc.cc:512:replace_alu$1845.Y[4]      2 1.8ms
                                              $auto$alumacc.cc:512:replace_alu$1842.Y[7]      2 1.8ms
                                              $auto$alumacc.cc:512:replace_alu$1845.A[2]      1 1.8ms
                        $techmap5122$abc$4432$auto$blifparse.cc:557:parse_blif$4634.A[0]      5 1.8ms
                                    $abc$4432$auto$blifparse.cc:557:parse_blif$4530.A[4]      5 1.8ms
                        $techmap5239$abc$4432$auto$blifparse.cc:557:parse_blif$4775.A[3]      1 1.8ms
                                                                        $iopadmap$acc[6]      1 1.7ms
                                                 datapath.datapath.accumulate.rounded[1]      2 1.7ms
                                    $abc$4432$auto$blifparse.cc:557:parse_blif$4454.A[0]      4 1.7ms
                                                                       $iopadmap$acc[12]      1 1.7ms
                                                                        $iopadmap$acc[4]      1 1.7ms
                                              $auto$alumacc.cc:512:replace_alu$1863.Y[1]      2 1.7ms
                        $techmap5161$abc$4432$auto$blifparse.cc:557:parse_blif$4678.A[2]      6 1.7ms
                           $techmap5316$abc$4432$auto$blifparse.cc:557:parse_blif$4853.A      5 1.7ms
                        $techmap5036$abc$4432$auto$blifparse.cc:557:parse_blif$4448.A[0]      7 1.7ms
                        $techmap5036$abc$4432$auto$blifparse.cc:557:parse_blif$4448.A[3]      6 1.7ms
                        $techmap5215$abc$4432$auto$blifparse.cc:557:parse_blif$4751.A[5]      2 1.7ms
                        $techmap5148$abc$4432$auto$blifparse.cc:557:parse_blif$4669.A[1]      3 1.7ms
                        $techmap4962$abc$4432$auto$blifparse.cc:557:parse_blif$4457.A[1]      4 1.6ms
             $flatten\datapath.\datapath.\accumulate.$gt$rtl/tnf_add_full.v:50$1214.G[1]      1 1.6ms
                                                                          sample_reg[10]      4 1.6ms
                                              $auto$alumacc.cc:512:replace_alu$1839.X[5]      2 1.6ms
                        $techmap5019$abc$4432$auto$blifparse.cc:557:parse_blif$4449.A[1]      4 1.6ms
                                                                           sample_reg[9]      3 1.6ms
                                      $auto$alumacc.cc:512:replace_alu$1851.genblk1.O[1]      2 1.6ms
                                                datapath.datapath.accumulate.distance[4]      6 1.6ms
                        $techmap5147$abc$4432$auto$blifparse.cc:557:parse_blif$4670.A[1]      3 1.6ms
                                              $auto$alumacc.cc:512:replace_alu$1866.Y[0]      3 1.6ms
                        $techmap4983$abc$4432$auto$blifparse.cc:557:parse_blif$4479.A[1]      4 1.6ms
                        $techmap5100$abc$4432$auto$blifparse.cc:557:parse_blif$4618.A[5]      2 1.6ms
                                              $auto$alumacc.cc:512:replace_alu$1863.Y[4]      2 1.6ms
                                    $abc$4432$auto$blifparse.cc:557:parse_blif$4526.A[0]      7 1.6ms
                                                  datapath.datapath.accumulate.hi_off[0]      3 1.6ms
                                                  datapath.datapath.accumulate.hi_ext[3]      3 1.6ms
                                                                          sample_reg[14]      4 1.6ms
                                              $auto$alumacc.cc:512:replace_alu$1839.Y[1]      1 1.5ms
                                                  datapath.datapath.accumulate.hi_off[4]      3 1.5ms
                                    $abc$4432$auto$blifparse.cc:557:parse_blif$4540.A[6]      3 1.5ms
                                    $abc$4432$auto$blifparse.cc:557:parse_blif$4661.A[1]      7 1.5ms
                                              $auto$alumacc.cc:512:replace_alu$1857.Y[5]      2 1.5ms
                                              $auto$alumacc.cc:512:replace_alu$1863.Y[0]      2 1.5ms
                                                                        $iopadmap$acc[0]      1 1.5ms
                                                                          sample_reg[13]      4 1.5ms
                                    $abc$4432$auto$blifparse.cc:557:parse_blif$4726.A[2]      4 1.5ms
                                    $abc$4432$auto$blifparse.cc:557:parse_blif$4651.A[3]      4 1.5ms
                        $techmap5152$abc$4432$auto$blifparse.cc:557:parse_blif$4673.A[1]      2 1.5ms
                        $techmap5033$abc$4432$auto$blifparse.cc:557:parse_blif$4546.A[1]      2 1.5ms
                                                datapath.datapath.accumulate.exponent[5]      3 1.5ms
                        $techmap5017$abc$4432$auto$blifparse.cc:557:parse_blif$4516.A[0]      4 1.5ms
                                    $abc$4432$auto$blifparse.cc:557:parse_blif$4738.A[3]      3 1.5ms
                                              $auto$alumacc.cc:512:replace_alu$1863.Y[8]      2 1.5ms
                        $techmap4990$abc$4432$auto$blifparse.cc:557:parse_blif$4490.A[5]      4 1.5ms
                        $techmap4958$abc$4432$auto$blifparse.cc:557:parse_blif$4444.A[1]      5 1.4ms
                                              $auto$alumacc.cc:512:replace_alu$1851.A[0]      7 1.4ms
                        $techmap5092$abc$4432$auto$blifparse.cc:557:parse_blif$4610.A[0]      2 1.4ms
        $flatten\datapath.\datapath.\accumulate.$gt$rtl/tnf_add_full.v:50$1214.genblk1.S[2]      2 1.4ms
        $flatten\datapath.\datapath.\accumulate.$gt$rtl/tnf_add_full.v:50$1214.genblk1.S[1]      2 1.4ms
                                                  datapath.datapath.accumulate.hi_off[5]      3 1.4ms
                                                  datapath.datapath.accumulate.hi_off[3]      3 1.4ms
                                    $abc$4432$auto$blifparse.cc:557:parse_blif$4681.A[0]      6 1.4ms
                                                                              acc_reg[7]      5 1.4ms
                                    $abc$4432$auto$blifparse.cc:557:parse_blif$4659.A[0]      7 1.4ms
                                              $auto$alumacc.cc:512:replace_alu$1863.Y[6]      2 1.4ms
                        $techmap5181$abc$4432$auto$blifparse.cc:557:parse_blif$4639.A[1]      2 1.4ms
                           $techmap5327$abc$4432$auto$blifparse.cc:557:parse_blif$4864.A      3 1.4ms
                        $techmap5115$abc$4432$auto$blifparse.cc:557:parse_blif$4592.A[0]      2 1.4ms
                                                                              acc_reg[6]      5 1.4ms
                                                datapath.datapath.accumulate.exponent[6]      3 1.4ms
                                                datapath.datapath.accumulate.exponent[7]      3 1.3ms
                                    $abc$4432$auto$blifparse.cc:557:parse_blif$4531.A[0]      7 1.3ms
                                    $abc$4432$auto$blifparse.cc:557:parse_blif$4736.A[3]      3 1.3ms
                        $techmap5066$abc$4432$auto$blifparse.cc:557:parse_blif$4579.A[2]      4 1.3ms
                                    $abc$4432$auto$blifparse.cc:557:parse_blif$4529.A[0]      7 1.3ms
                                                                     $iopadmap$sample[8]      1 1.3ms
                        $techmap5272$abc$4432$auto$blifparse.cc:557:parse_blif$4807.A[3]      1 1.3ms
                                    $abc$4432$auto$blifparse.cc:557:parse_blif$4664.A[0]      5 1.3ms
                                              $auto$alumacc.cc:512:replace_alu$1845.Y[7]      2 1.3ms
                                                                           sample_reg[8]      2 1.3ms
                        $techmap5069$abc$4432$auto$blifparse.cc:557:parse_blif$4581.A[1]      3 1.3ms
                                              $auto$alumacc.cc:512:replace_alu$1848.Y[6]      3 1.3ms
                        $techmap5067$abc$4432$auto$blifparse.cc:557:parse_blif$4577.A[2]      2 1.3ms
                        $techmap5101$abc$4432$auto$blifparse.cc:557:parse_blif$4615.A[0]      2 1.3ms
                                                  datapath.datapath.accumulate.hi_ext[4]      3 1.3ms
                                                                        $iopadmap$acc[2]      1 1.3ms
                        $techmap5092$abc$4432$auto$blifparse.cc:557:parse_blif$4610.A[1]      2 1.3ms
                        $techmap5057$abc$4432$auto$blifparse.cc:557:parse_blif$4567.A[1]      3 1.3ms
                        $techmap5246$abc$4432$auto$blifparse.cc:557:parse_blif$4779.A[0]      1 1.2ms
                                    $abc$4432$auto$blifparse.cc:557:parse_blif$4492.A[0]      4 1.2ms
                        $techmap5155$abc$4432$auto$blifparse.cc:557:parse_blif$4641.A[0]      2 1.2ms
                                                  datapath.datapath.accumulate.hi_off[6]      3 1.2ms
                                             $auto$alumacc.cc:512:replace_alu$1839.BB[1]      2 1.2ms
                                    $abc$4432$auto$blifparse.cc:557:parse_blif$4736.A[0]      4 1.2ms
                        $techmap5153$abc$4432$auto$blifparse.cc:557:parse_blif$4667.A[0]      2 1.2ms
                                                 datapath.datapath.accumulate.rounded[4]      2 1.2ms
                                    $abc$4432$auto$blifparse.cc:557:parse_blif$4736.A[1]      4 1.2ms
                        $techmap5220$abc$4432$auto$blifparse.cc:557:parse_blif$4755.A[3]      1 1.2ms
                                              $auto$alumacc.cc:512:replace_alu$1848.Y[2]      3 1.2ms
                                    $abc$4432$auto$blifparse.cc:557:parse_blif$4646.A[4]      4 1.2ms
                                              $auto$alumacc.cc:512:replace_alu$1827.Y[0]      1 1.2ms
                                              $auto$alumacc.cc:512:replace_alu$1860.Y[0]      3 1.2ms
                                                  datapath.datapath.accumulate.hi_off[2]      3 1.2ms
                        $techmap5059$abc$4432$auto$blifparse.cc:557:parse_blif$4566.A[1]      2 1.2ms
                                    $abc$4432$auto$blifparse.cc:557:parse_blif$4724.A[2]      3 1.2ms
                                              $auto$alumacc.cc:512:replace_alu$1860.Y[2]      2 1.2ms
                                    $abc$4432$auto$blifparse.cc:557:parse_blif$4530.A[5]      5 1.2ms
                                                  datapath.datapath.accumulate.hi_ext[9]      3 1.2ms
             $flatten\datapath.\datapath.\accumulate.$ge$rtl/tnf_add_full.v:51$1216.G[1]      1 1.2ms
                                              $auto$alumacc.cc:512:replace_alu$1857.Y[3]      2 1.2ms
                                              $auto$alumacc.cc:512:replace_alu$1839.Y[3]      1 1.2ms
                                              $auto$alumacc.cc:512:replace_alu$1836.Y[0]      1 1.1ms
                                                 datapath.datapath.accumulate.rounded[2]      2 1.1ms
                        $techmap5016$abc$4432$auto$blifparse.cc:557:parse_blif$4521.A[1]      2 1.1ms
                        $techmap5051$abc$4432$auto$blifparse.cc:557:parse_blif$4562.A[2]      3 1.1ms
                        $techmap5012$abc$4432$auto$blifparse.cc:557:parse_blif$4519.A[1]      4 1.1ms
                                              $auto$alumacc.cc:512:replace_alu$1851.A[6]      1 1.1ms
                                    $abc$4432$auto$blifparse.cc:557:parse_blif$4469.A[5]      3 1.1ms
                        $techmap5251$abc$4432$auto$blifparse.cc:557:parse_blif$4785.A[0]      1 1.1ms
                        $techmap5106$abc$4432$auto$blifparse.cc:557:parse_blif$4595.A[1]      4 1.1ms
                        $techmap5227$abc$4432$auto$blifparse.cc:557:parse_blif$4759.A[2]      1 1.1ms
                                    $abc$4432$auto$blifparse.cc:557:parse_blif$4729.A[2]      4 1.1ms
                        $techmap5101$abc$4432$auto$blifparse.cc:557:parse_blif$4615.A[1]      3 1.1ms
                           $techmap5321$abc$4432$auto$blifparse.cc:557:parse_blif$4858.A      4 1.1ms
                                              $auto$alumacc.cc:512:replace_alu$1866.Y[1]      1 1.1ms
                        $techmap4990$abc$4432$auto$blifparse.cc:557:parse_blif$4490.A[2]      2 1.1ms
                                    $abc$4432$auto$blifparse.cc:557:parse_blif$4664.A[1]      7 1.1ms
                                    $abc$4432$auto$blifparse.cc:557:parse_blif$4532.A[5]      4 1.1ms
                                      $auto$alumacc.cc:512:replace_alu$1851.genblk1.O[5]      2 1.1ms
                                              $auto$alumacc.cc:512:replace_alu$1857.Y[7]      2 1.1ms
                                                  datapath.datapath.accumulate.hi_ext[7]      3 1.1ms
                                              $auto$alumacc.cc:512:replace_alu$1860.Y[8]      3 1.1ms
                        $techmap5212$abc$4432$auto$blifparse.cc:557:parse_blif$4749.A[5]      2 1.1ms
                                                                     $iopadmap$sample[4]      1 1.1ms
                        $techmap5034$abc$4432$auto$blifparse.cc:557:parse_blif$4545.A[1]      2 1.1ms
                        $techmap5161$abc$4432$auto$blifparse.cc:557:parse_blif$4678.A[1]      4 1.0ms
                                              $auto$alumacc.cc:512:replace_alu$1866.Y[5]      1 1.0ms
                                                               $PACKER_GND_NET$legal$443      1 1.0ms
                                    $abc$4432$auto$blifparse.cc:557:parse_blif$4534.A[7]      1 1.0ms
                                              $auto$alumacc.cc:512:replace_alu$1857.Y[0]      2 1.0ms
                                              $auto$alumacc.cc:512:replace_alu$1845.X[4]      3 1.0ms
                        $techmap5181$abc$4432$auto$blifparse.cc:557:parse_blif$4639.A[0]      2 1.0ms
                        $techmap5119$abc$4432$auto$blifparse.cc:557:parse_blif$4591.A[2]      2 1.0ms
                        $techmap5153$abc$4432$auto$blifparse.cc:557:parse_blif$4667.A[1]      2 1.0ms
                                    $abc$4432$auto$blifparse.cc:557:parse_blif$4471.A[0]      4 1.0ms
                                                 datapath.datapath.accumulate.rounded[0]      1 1.0ms
                                    $abc$4432$auto$blifparse.cc:557:parse_blif$4447.A[4]      3 1.0ms
                                             $auto$alumacc.cc:512:replace_alu$1839.Y[10]      1 1.0ms
                        $techmap5218$abc$4432$auto$blifparse.cc:557:parse_blif$4753.A[3]      1 1.0ms
                                              $auto$alumacc.cc:512:replace_alu$1863.Y[5]      2 1.0ms
                        $techmap5006$abc$4432$auto$blifparse.cc:557:parse_blif$4514.A[1]      1 1.0ms
                        $techmap5036$abc$4432$auto$blifparse.cc:557:parse_blif$4448.A[2]      2 1.0ms
                                    $abc$4432$auto$blifparse.cc:557:parse_blif$4651.A[4]      4 1.0ms
                                                               $PACKER_GND_NET$legal$117      1 1.0ms
                                              $auto$alumacc.cc:512:replace_alu$1860.Y[6]      2 1.0ms
                        $techmap5063$abc$4432$auto$blifparse.cc:557:parse_blif$4557.A[0]      2 1.0ms
                        $techmap5052$abc$4432$auto$blifparse.cc:557:parse_blif$4558.A[0]      2 1.0ms
            $flatten\datapath.\datapath.\accumulate.$gt$rtl/tnf_add_full.v:119$1302.G[2]      1 1.0ms
                        $techmap5082$abc$4432$auto$blifparse.cc:557:parse_blif$4599.A[3]      2 1.0ms
                        $techmap4954$abc$4432$auto$blifparse.cc:557:parse_blif$4440.A[1]      5 1.0ms
                                              $auto$alumacc.cc:512:replace_alu$1857.Y[8]      2 1.0ms
                                    $abc$4432$auto$blifparse.cc:557:parse_blif$4686.A[0]      6 1.0ms
                                                                       $iopadmap$acc[13]      1 1.0ms
                                    $abc$4432$auto$blifparse.cc:557:parse_blif$4659.A[1]      7 1.0ms
                        $techmap5179$abc$4432$auto$blifparse.cc:557:parse_blif$4704.A[1]      2 0.9ms
                                              $auto$alumacc.cc:512:replace_alu$1845.Y[1]      2 0.9ms
                           $techmap5299$abc$4432$auto$blifparse.cc:557:parse_blif$4836.A      3 0.9ms
                        $techmap5109$abc$4432$auto$blifparse.cc:557:parse_blif$4594.A[0]      2 0.9ms
                                              $auto$alumacc.cc:512:replace_alu$1857.Y[4]      2 0.9ms
                        $techmap5059$abc$4432$auto$blifparse.cc:557:parse_blif$4566.A[0]      3 0.9ms
                                                datapath.datapath.accumulate.exponent[3]      3 0.9ms
                                                    datapath.datapath.accumulate.kept[8]      3 0.9ms
                                              $auto$alumacc.cc:512:replace_alu$1842.Y[5]      3 0.9ms
                                              $auto$alumacc.cc:512:replace_alu$1848.Y[3]      3 0.9ms
        $flatten\datapath.\datapath.\accumulate.$gt$rtl/tnf_add_full.v:119$1302.genblk1.S[0]      3 0.9ms
                        $techmap5180$abc$4432$auto$blifparse.cc:557:parse_blif$4703.A[1]      2 0.9ms
                                              $auto$alumacc.cc:512:replace_alu$1863.A[0]      4 0.9ms
                        $techmap5081$abc$4432$auto$blifparse.cc:557:parse_blif$4600.A[0]      2 0.9ms
                        $techmap5118$abc$4432$auto$blifparse.cc:557:parse_blif$4630.A[2]      2 0.9ms
                                                 datapath.datapath.accumulate.rounded[5]      2 0.9ms
                                                               $PACKER_GND_NET$legal$181      1 0.9ms
                                                                          sample_reg[12]      3 0.9ms
                                              $auto$alumacc.cc:512:replace_alu$1848.Y[0]      2 0.9ms
                                              $auto$alumacc.cc:512:replace_alu$1866.A[0]      4 0.9ms
                                              $auto$alumacc.cc:512:replace_alu$1860.Y[7]      2 0.9ms
                                              $auto$alumacc.cc:512:replace_alu$1845.Y[3]      2 0.9ms
                                    $abc$4432$auto$blifparse.cc:557:parse_blif$4473.A[0]      4 0.9ms
                                      $auto$alumacc.cc:512:replace_alu$1851.genblk1.O[3]      1 0.9ms
                                                datapath.datapath.accumulate.exponent[2]      4 0.9ms
                                              $auto$alumacc.cc:512:replace_alu$1839.X[8]      2 0.9ms
                                              $auto$alumacc.cc:512:replace_alu$1845.Y[8]      2 0.9ms
                                             datapath.datapath.accumulate.lo_aligned[11]      2 0.9ms
                                    $abc$4432$auto$blifparse.cc:557:parse_blif$4497.A[0]      4 0.9ms
                                    $abc$4432$auto$blifparse.cc:557:parse_blif$4695.A[0]      6 0.9ms
                        $techmap4990$abc$4432$auto$blifparse.cc:557:parse_blif$4490.A[3]      2 0.9ms
                        $techmap5113$abc$4432$auto$blifparse.cc:557:parse_blif$4593.A[1]      3 0.9ms
        $flatten\datapath.\datapath.\accumulate.$ge$rtl/tnf_add_full.v:51$1216.genblk1.S[2]      1 0.8ms
                                              $auto$alumacc.cc:512:replace_alu$1827.Y[8]      1 0.8ms
                        $techmap4985$abc$4432$auto$blifparse.cc:557:parse_blif$4452.A[0]      3 0.8ms
                                                datapath.datapath.accumulate.exponent[1]      4 0.8ms
                        $techmap5144$abc$4432$auto$blifparse.cc:557:parse_blif$4654.A[4]      2 0.8ms
                                              $auto$alumacc.cc:512:replace_alu$1854.Y[6]      2 0.8ms
             $flatten\datapath.\datapath.\accumulate.$ge$rtl/tnf_add_full.v:51$1216.G[2]      1 0.8ms
                                                                          sample_reg[15]      1 0.8ms
                                    $abc$4432$auto$blifparse.cc:557:parse_blif$4693.A[0]      6 0.8ms
                        $techmap4990$abc$4432$auto$blifparse.cc:557:parse_blif$4490.A[1]      2 0.8ms
                                             $auto$alumacc.cc:512:replace_alu$1839.X[10]      2 0.8ms
                           $techmap5326$abc$4432$auto$blifparse.cc:557:parse_blif$4863.A      3 0.8ms
                        $techmap5119$abc$4432$auto$blifparse.cc:557:parse_blif$4591.A[1]      2 0.8ms
                                              $auto$alumacc.cc:512:replace_alu$1857.Y[1]      2 0.8ms
                                              $auto$alumacc.cc:512:replace_alu$1836.X[6]      2 0.8ms
                                              $auto$alumacc.cc:512:replace_alu$1842.Y[0]      1 0.8ms
        $flatten\datapath.\datapath.\accumulate.$gt$rtl/tnf_add_full.v:50$1214.G[1]$legal$633      1 0.8ms
                        $techmap5246$abc$4432$auto$blifparse.cc:557:parse_blif$4779.A[1]      2 0.8ms
                                              $auto$alumacc.cc:512:replace_alu$1836.Y[8]      1 0.8ms
                                                               $PACKER_VCC_NET$legal$243      1 0.8ms
                           $techmap5300$abc$4432$auto$blifparse.cc:557:parse_blif$4837.A      3 0.8ms
                                              $auto$alumacc.cc:512:replace_alu$1848.Y[7]      2 0.7ms
                        $techmap4985$abc$4432$auto$blifparse.cc:557:parse_blif$4452.A[1]      1 0.7ms
                        $techmap5251$abc$4432$auto$blifparse.cc:557:parse_blif$4785.A[3]      1 0.7ms
                                                                       $iopadmap$acc[15]      1 0.7ms
                        $techmap5000$abc$4432$auto$blifparse.cc:557:parse_blif$4510.A[0]      2 0.7ms
                                                    datapath.datapath.accumulate.kept[3]      2 0.7ms
                                              $auto$alumacc.cc:512:replace_alu$1851.A[5]      1 0.7ms
                        $techmap5178$abc$4432$auto$blifparse.cc:557:parse_blif$4705.A[1]      2 0.7ms
                        $techmap5174$abc$4432$auto$blifparse.cc:557:parse_blif$4698.A[1]      2 0.7ms
                           $techmap5351$abc$4432$auto$blifparse.cc:557:parse_blif$4888.A      4 0.7ms
                        $techmap5237$abc$4432$auto$blifparse.cc:557:parse_blif$4773.A[3]      1 0.7ms
                                              $auto$alumacc.cc:512:replace_alu$1854.Y[4]      2 0.7ms
                        $techmap4991$abc$4432$auto$blifparse.cc:557:parse_blif$4451.A[1]      3 0.7ms
                                                                    $iopadmap$sample[15]      1 0.7ms
                                        datapath.datapath.accumulate.hi_ext[4]$legal$225      1 0.7ms
                                              $auto$alumacc.cc:512:replace_alu$1845.X[7]      2 0.7ms
                        $techmap5206$abc$4432$auto$blifparse.cc:557:parse_blif$4740.A[2]      2 0.7ms
                                              $auto$alumacc.cc:512:replace_alu$1848.Y[5]      2 0.7ms
                                                    datapath.datapath.accumulate.kept[2]      2 0.7ms
                        $techmap5052$abc$4432$auto$blifparse.cc:557:parse_blif$4558.A[1]      2 0.7ms
                                                    datapath.datapath.accumulate.kept[5]      3 0.7ms
                                                 datapath.datapath.accumulate.rounded[6]      2 0.7ms
                                              $auto$alumacc.cc:512:replace_alu$1839.Y[5]      1 0.7ms
                                              $auto$alumacc.cc:512:replace_alu$1851.A[3]      1 0.7ms
                        $techmap5142$abc$4432$auto$blifparse.cc:557:parse_blif$4656.A[1]      2 0.7ms
                                      $auto$alumacc.cc:512:replace_alu$1851.genblk1.O[6]      2 0.7ms
                                              $auto$alumacc.cc:512:replace_alu$1857.Y[2]      2 0.7ms
                                             $auto$alumacc.cc:512:replace_alu$1839.BB[0]      2 0.7ms
                                              $auto$alumacc.cc:512:replace_alu$1839.Y[2]      1 0.7ms
                                                datapath.datapath.accumulate.exponent[8]      3 0.7ms
                        $techmap5184$abc$4432$auto$blifparse.cc:557:parse_blif$4710.A[1]      2 0.7ms
                        $techmap5067$abc$4432$auto$blifparse.cc:557:parse_blif$4577.A[0]      2 0.7ms
                                              $auto$alumacc.cc:512:replace_alu$1857.Y[6]      2 0.7ms
                        $techmap5150$abc$4432$auto$blifparse.cc:557:parse_blif$4675.A[1]      2 0.7ms
                                              $auto$alumacc.cc:512:replace_alu$1842.Y[2]      2 0.6ms
                                                    datapath.datapath.accumulate.kept[7]      3 0.6ms
                                              $auto$alumacc.cc:512:replace_alu$1854.Y[7]      2 0.6ms
                                             $auto$alumacc.cc:512:replace_alu$1839.BB[2]      2 0.6ms
                                              $auto$alumacc.cc:512:replace_alu$1866.A[1]      1 0.6ms
                                              $auto$alumacc.cc:512:replace_alu$1860.Y[5]      2 0.6ms
                        $techmap5251$abc$4432$auto$blifparse.cc:557:parse_blif$4785.A[2]      1 0.6ms
                                              $auto$alumacc.cc:512:replace_alu$1827.Y[5]      1 0.6ms
                        $techmap5057$abc$4432$auto$blifparse.cc:557:parse_blif$4567.A[0]      2 0.6ms
                                              $auto$alumacc.cc:512:replace_alu$1827.Y[4]      1 0.6ms
                                              $auto$alumacc.cc:512:replace_alu$1866.Y[4]      1 0.6ms
                                             $auto$alumacc.cc:512:replace_alu$1839.Y[11]      1 0.6ms
                        $techmap5027$abc$4432$auto$blifparse.cc:557:parse_blif$4538.A[4]      2 0.6ms
                                    $auto$alumacc.cc:512:replace_alu$1851.A[0]$legal$419      1 0.6ms
                                    $abc$4432$auto$blifparse.cc:557:parse_blif$4683.A[0]      6 0.6ms
                                                               $PACKER_GND_NET$legal$383      1 0.6ms
                                              $auto$alumacc.cc:512:replace_alu$1845.Y[6]      2 0.6ms
                        $techmap5013$abc$4432$auto$blifparse.cc:557:parse_blif$4518.A[0]      2 0.6ms
                                              $auto$alumacc.cc:512:replace_alu$1845.Y[5]      2 0.6ms
                                                                           sample_reg[5]      1 0.6ms
                                                               $PACKER_GND_NET$legal$255      1 0.6ms
                           $techmap5301$abc$4432$auto$blifparse.cc:557:parse_blif$4838.A      3 0.6ms
                                              $auto$alumacc.cc:512:replace_alu$1860.Y[1]      2 0.6ms
                                              $auto$alumacc.cc:512:replace_alu$1839.X[4]      2 0.6ms
                                    $abc$4432$auto$blifparse.cc:557:parse_blif$4723.A[0]      1 0.6ms
                                             $auto$alumacc.cc:512:replace_alu$1839.Y[12]      1 0.6ms
                                              $auto$alumacc.cc:512:replace_alu$1854.Y[3]      2 0.6ms
                                              $auto$alumacc.cc:512:replace_alu$1836.Y[4]      1 0.6ms
                        $techmap5224$abc$4432$auto$blifparse.cc:557:parse_blif$4761.A[4]      1 0.6ms
                                              $auto$alumacc.cc:512:replace_alu$1839.Y[0]      1 0.6ms
                                                                           sample_reg[3]      1 0.6ms
                        $techmap5085$abc$4432$auto$blifparse.cc:557:parse_blif$4605.A[5]      1 0.6ms
                                              $auto$alumacc.cc:512:replace_alu$1839.Y[4]      1 0.6ms
        $flatten\datapath.\datapath.\accumulate.$gt$rtl/tnf_add_full.v:119$1302.genblk1.S[1]      2 0.5ms
                                              $auto$alumacc.cc:512:replace_alu$1860.Y[3]      1 0.5ms
                        $techmap5087$abc$4432$auto$blifparse.cc:557:parse_blif$4604.A[1]      2 0.5ms
                                              $auto$alumacc.cc:512:replace_alu$1851.A[7]      1 0.5ms
                        $techmap5087$abc$4432$auto$blifparse.cc:557:parse_blif$4604.A[4]      1 0.5ms
                                                               $PACKER_GND_NET$legal$259      1 0.5ms
                                              $auto$alumacc.cc:512:replace_alu$1836.X[4]      2 0.5ms
                        $techmap5019$abc$4432$auto$blifparse.cc:557:parse_blif$4449.A[0]      4 0.5ms
                                              $auto$alumacc.cc:512:replace_alu$1845.Y[0]      2 0.5ms
                                                               $PACKER_GND_NET$legal$267      1 0.5ms
                                                               $PACKER_GND_NET$legal$121      1 0.5ms
                           $techmap5328$abc$4432$auto$blifparse.cc:557:parse_blif$4865.A      3 0.5ms
                                              $auto$alumacc.cc:512:replace_alu$1836.Y[2]      1 0.5ms
                                        datapath.datapath.accumulate.hi_off[0]$legal$205      1 0.5ms
                           $techmap5298$abc$4432$auto$blifparse.cc:557:parse_blif$4835.A      3 0.5ms
                                                                        $iopadmap$acc[1]      1 0.5ms
                                              $auto$alumacc.cc:512:replace_alu$1863.A[1]      1 0.5ms
                                              $auto$alumacc.cc:512:replace_alu$1845.A[3]      1 0.5ms
                                              $auto$alumacc.cc:512:replace_alu$1857.A[2]      1 0.5ms
                        $techmap5017$abc$4432$auto$blifparse.cc:557:parse_blif$4516.A[1]      2 0.5ms
                                              $auto$alumacc.cc:512:replace_alu$1863.A[4]      1 0.5ms
                                                               $PACKER_GND_NET$legal$109      1 0.5ms
                                              $auto$alumacc.cc:512:replace_alu$1836.Y[7]      1 0.5ms
                        $techmap5095$abc$4432$auto$blifparse.cc:557:parse_blif$4597.A[0]      1 0.5ms
                                              $auto$alumacc.cc:512:replace_alu$1851.A[4]      1 0.5ms
                                              $auto$alumacc.cc:512:replace_alu$1866.Y[7]      1 0.5ms
                        $techmap5172$abc$4432$auto$blifparse.cc:557:parse_blif$4700.A[1]      3 0.5ms
                                                                           sample_reg[4]      1 0.5ms
                                              $auto$alumacc.cc:512:replace_alu$1839.Y[6]      1 0.5ms
                        $techmap5241$abc$4432$auto$blifparse.cc:557:parse_blif$4777.A[3]      1 0.5ms
                        $techmap5185$abc$4432$auto$blifparse.cc:557:parse_blif$4709.A[1]      2 0.5ms
                                              $auto$alumacc.cc:512:replace_alu$1836.Y[9]      1 0.5ms
                                              $auto$alumacc.cc:512:replace_alu$1848.Y[1]      2 0.5ms
                                                               $PACKER_GND_NET$legal$247      1 0.5ms
                        $techmap5267$abc$4432$auto$blifparse.cc:557:parse_blif$4803.A[0]      1 0.5ms
                                                               $PACKER_GND_NET$legal$251      1 0.5ms
                                              $auto$alumacc.cc:512:replace_alu$1851.A[8]      1 0.5ms
                                              $auto$alumacc.cc:512:replace_alu$1839.Y[9]      1 0.5ms
                                              $auto$alumacc.cc:512:replace_alu$1833.X[0]      2 0.5ms
                                                                     $iopadmap$sample[0]      1 0.5ms
                                                               $PACKER_GND_NET$legal$439      1 0.5ms
                                        datapath.datapath.accumulate.hi_ext[7]$legal$233      1 0.5ms
                                                               $PACKER_GND_NET$legal$113      1 0.5ms
                                    $abc$4432$auto$blifparse.cc:557:parse_blif$4727.A[0]      1 0.5ms
                                    $abc$4432$auto$blifparse.cc:557:parse_blif$4726.A[0]      1 0.5ms
                                    $abc$4432$auto$blifparse.cc:557:parse_blif$4724.A[0]      1 0.5ms
                                              $auto$alumacc.cc:512:replace_alu$1866.A[7]      1 0.4ms
                                              $auto$alumacc.cc:512:replace_alu$1845.A[5]      1 0.4ms
                                              $auto$alumacc.cc:512:replace_alu$1839.X[6]      2 0.4ms
                        $techmap5151$abc$4432$auto$blifparse.cc:557:parse_blif$4674.A[1]      3 0.4ms
                                                               $PACKER_GND_NET$legal$575      1 0.4ms
                                              $auto$alumacc.cc:512:replace_alu$1839.X[3]      2 0.4ms
                                              $auto$alumacc.cc:512:replace_alu$1854.A[5]      1 0.4ms
                                              $auto$alumacc.cc:512:replace_alu$1857.A[4]      1 0.4ms
           $flatten\datapath.\datapath.\accumulate.$gt$rtl/tnf_add_full.v:119$1302.CO[2]      1 0.4ms
                                              $auto$alumacc.cc:512:replace_alu$1857.A[6]      1 0.4ms
                                              $auto$alumacc.cc:512:replace_alu$1866.A[8]      1 0.4ms
                        $techmap5235$abc$4432$auto$blifparse.cc:557:parse_blif$4771.A[3]      1 0.4ms
                                                               $PACKER_GND_NET$legal$315      1 0.4ms
                                                    datapath.datapath.accumulate.kept[4]      3 0.4ms
                                              $auto$alumacc.cc:512:replace_alu$1848.Y[4]      2 0.4ms
                                                datapath.datapath.accumulate.distance[5]      1 0.4ms
                        $techmap5175$abc$4432$auto$blifparse.cc:557:parse_blif$4697.A[0]      2 0.4ms
                                                               $PACKER_GND_NET$legal$627      1 0.4ms
                                    $auto$alumacc.cc:512:replace_alu$1863.A[0]$legal$547      1 0.4ms
                                    $auto$alumacc.cc:512:replace_alu$1860.A[0]$legal$515      1 0.4ms
                        $techmap5109$abc$4432$auto$blifparse.cc:557:parse_blif$4594.A[1]      2 0.4ms
                                        datapath.datapath.accumulate.hi_ext[4]$legal$275      1 0.4ms
                                    $abc$4432$auto$blifparse.cc:557:parse_blif$4722.A[0]      1 0.4ms
                        $techmap5019$abc$4432$auto$blifparse.cc:557:parse_blif$4449.A[2]      4 0.4ms
                        $techmap5101$abc$4432$auto$blifparse.cc:557:parse_blif$4615.A[2]      1 0.4ms
                        $techmap5081$abc$4432$auto$blifparse.cc:557:parse_blif$4600.A[1]      2 0.4ms
                                                               $PACKER_GND_NET$legal$149      1 0.4ms
                        $techmap5227$abc$4432$auto$blifparse.cc:557:parse_blif$4759.A[5]      1 0.4ms
        $flatten\datapath.\datapath.\accumulate.$ge$rtl/tnf_add_full.v:51$1216.genblk1.S[1]      1 0.4ms
                                              $auto$alumacc.cc:512:replace_alu$1863.A[7]      1 0.4ms
                        $techmap5171$abc$4432$auto$blifparse.cc:557:parse_blif$4701.A[1]      2 0.4ms
                                                                $PACKER_GND_NET$legal$89      1 0.4ms
                        $techmap5115$abc$4432$auto$blifparse.cc:557:parse_blif$4592.A[1]      1 0.4ms
                                              $auto$alumacc.cc:512:replace_alu$1863.A[6]      1 0.4ms
                                              $auto$alumacc.cc:512:replace_alu$1860.A[3]      1 0.4ms
                                              $auto$alumacc.cc:512:replace_alu$1854.Y[2]      2 0.4ms
                        $techmap5227$abc$4432$auto$blifparse.cc:557:parse_blif$4759.A[3]      1 0.4ms
                                    $abc$4432$auto$blifparse.cc:557:parse_blif$4728.A[0]      1 0.4ms
                        $techmap5205$abc$4432$auto$blifparse.cc:557:parse_blif$4741.A[1]      1 0.4ms
                                                               $PACKER_GND_NET$legal$307      1 0.4ms
                                        datapath.datapath.accumulate.hi_ext[5]$legal$279      1 0.4ms
                                              $auto$alumacc.cc:512:replace_alu$1827.Y[2]      1 0.4ms
                                                               $PACKER_GND_NET$legal$599      1 0.4ms
                                              $auto$alumacc.cc:512:replace_alu$1839.Y[8]      1 0.4ms
                                              $auto$alumacc.cc:512:replace_alu$1866.A[6]      1 0.4ms
                                              $auto$alumacc.cc:512:replace_alu$1845.Y[2]      2 0.4ms
                                              $auto$alumacc.cc:512:replace_alu$1860.A[8]      1 0.4ms
                        $techmap5042$abc$4432$auto$blifparse.cc:557:parse_blif$4554.A[0]      1 0.4ms
        $abc$4432$flatten\datapath.\datapath.\accumulate.$ternary$rtl/tnf_add_full.v:139$1313_Y[11]      1 0.4ms
                                        datapath.datapath.accumulate.hi_ext[7]$legal$285      1 0.4ms
                                                               $PACKER_GND_NET$legal$157      1 0.4ms
                                              $auto$alumacc.cc:512:replace_alu$1827.X[0]      1 0.4ms
                        $techmap5183$abc$4432$auto$blifparse.cc:557:parse_blif$4711.A[1]      2 0.4ms
                                              $auto$alumacc.cc:512:replace_alu$1836.Y[3]      1 0.4ms
                                                               $PACKER_GND_NET$legal$189      1 0.4ms
                                                               $PACKER_GND_NET$legal$607      1 0.4ms
                                                               $PACKER_GND_NET$legal$193      1 0.4ms
                                                               $PACKER_GND_NET$legal$503      1 0.4ms
                        $techmap5222$abc$4432$auto$blifparse.cc:557:parse_blif$4757.A[3]      1 0.4ms
                        $techmap5262$abc$4432$auto$blifparse.cc:557:parse_blif$4798.A[0]      1 0.4ms
                                                               $PACKER_GND_NET$legal$161      1 0.4ms
                                                               $PACKER_GND_NET$legal$101      1 0.4ms
                                                 datapath.datapath.accumulate.rounded[8]      1 0.4ms
                                              $auto$alumacc.cc:512:replace_alu$1863.A[3]      1 0.4ms
                        $techmap5085$abc$4432$auto$blifparse.cc:557:parse_blif$4605.A[3]      1 0.4ms
                                    $abc$4432$auto$blifparse.cc:557:parse_blif$4729.A[0]      1 0.4ms
                                              $auto$alumacc.cc:512:replace_alu$1863.Y[3]      2 0.4ms
                                      $auto$alumacc.cc:512:replace_alu$1851.genblk1.O[7]      2 0.3ms
                                              $auto$alumacc.cc:512:replace_alu$1836.Y[6]      1 0.3ms
                                              $auto$alumacc.cc:512:replace_alu$1839.Y[7]      1 0.3ms
                        $techmap4994$abc$4432$auto$blifparse.cc:557:parse_blif$4504.A[2]      1 0.3ms
                                                               $PACKER_GND_NET$legal$379      1 0.3ms
                                                               $PACKER_GND_NET$legal$539      1 0.3ms
                                              $auto$alumacc.cc:512:replace_alu$1827.Y[1]      1 0.3ms
                        $techmap5089$abc$4432$auto$blifparse.cc:557:parse_blif$4603.A[0]      1 0.3ms
                                                datapath.datapath.accumulate.distance[6]      1 0.3ms
            $flatten\datapath.\datapath.\accumulate.$ge$rtl/tnf_add_full.v:51$1216.CO[2]      1 0.3ms
                                        datapath.datapath.accumulate.hi_off[3]$legal$211      1 0.3ms
                        $techmap5070$abc$4432$auto$blifparse.cc:557:parse_blif$4576.A[0]      1 0.3ms
                                        datapath.datapath.accumulate.hi_ext[9]$legal$291      1 0.3ms
                                                               $PACKER_GND_NET$legal$311      1 0.3ms
                                              $auto$alumacc.cc:512:replace_alu$1860.A[1]      1 0.3ms
                                              $auto$alumacc.cc:512:replace_alu$1857.A[1]      1 0.3ms
                                                    datapath.datapath.accumulate.norm[0]      1 0.3ms
                                              $auto$alumacc.cc:512:replace_alu$1857.A[8]      1 0.3ms
                                              $auto$alumacc.cc:512:replace_alu$1863.A[2]      1 0.3ms
                                                               $PACKER_GND_NET$legal$603      1 0.3ms
                                                    datapath.datapath.accumulate.kept[6]      3 0.3ms
        $flatten\datapath.\datapath.\accumulate.$gt$rtl/tnf_add_full.v:50$1214.G[2]$legal$637      1 0.3ms
                        $techmap5272$abc$4432$auto$blifparse.cc:557:parse_blif$4807.A[0]      1 0.3ms
                                              $auto$alumacc.cc:512:replace_alu$1866.Y[6]      1 0.3ms
                                                               $PACKER_GND_NET$legal$141      1 0.3ms
                                              $auto$alumacc.cc:512:replace_alu$1827.Y[7]      1 0.3ms
                                        datapath.datapath.accumulate.hi_off[1]$legal$207      1 0.3ms
                                                               $PACKER_GND_NET$legal$571      1 0.3ms
                                                               $PACKER_VCC_NET$legal$173      1 0.3ms
                        $techmap5095$abc$4432$auto$blifparse.cc:557:parse_blif$4597.A[1]      1 0.3ms
                                        datapath.datapath.accumulate.hi_ext[3]$legal$223      1 0.3ms
                                                                $PACKER_GND_NET$legal$81      1 0.3ms
                                    $auto$alumacc.cc:512:replace_alu$1845.A[7]$legal$367      1 0.3ms
                                              $auto$alumacc.cc:512:replace_alu$1854.A[2]      1 0.3ms
                        $techmap5233$abc$4432$auto$blifparse.cc:557:parse_blif$4769.A[3]      1 0.3ms
                                                               $PACKER_GND_NET$legal$201      1 0.3ms
                                        datapath.datapath.accumulate.hi_ext[8]$legal$289      1 0.3ms
                                              $auto$alumacc.cc:512:replace_alu$1836.Y[5]      1 0.3ms
                                              $auto$alumacc.cc:512:replace_alu$1851.A[2]      1 0.3ms
                                              $auto$alumacc.cc:512:replace_alu$1827.Y[6]      1 0.3ms
                                                               $PACKER_GND_NET$legal$197      1 0.3ms
                                                               $PACKER_GND_NET$legal$177      1 0.3ms
                        $techmap5143$abc$4432$auto$blifparse.cc:557:parse_blif$4655.A[1]      2 0.3ms
                        $techmap5155$abc$4432$auto$blifparse.cc:557:parse_blif$4641.A[1]      1 0.3ms
             $flatten\datapath.\datapath.\accumulate.$gt$rtl/tnf_add_full.v:50$1214.G[2]      1 0.3ms
                        $techmap5019$abc$4432$auto$blifparse.cc:557:parse_blif$4449.A[3]      2 0.3ms
                                                               $PACKER_GND_NET$legal$511      1 0.3ms
                           $techmap5345$abc$4432$auto$blifparse.cc:557:parse_blif$4882.A      3 0.3ms
                                              $auto$alumacc.cc:512:replace_alu$1848.Y[8]      2 0.3ms
                                              $auto$alumacc.cc:512:replace_alu$1842.Y[1]      1 0.3ms
        $abc$4432$flatten\datapath.\datapath.\accumulate.$ternary$rtl/tnf_add_full.v:139$1313_Y[10]      1 0.3ms
                        $techmap5035$abc$4432$auto$blifparse.cc:557:parse_blif$4544.A[4]      2 0.3ms
                                                               $PACKER_GND_NET$legal$567      1 0.3ms
                                                               $PACKER_GND_NET$legal$475      1 0.3ms
                                                                $PACKER_GND_NET$legal$85      1 0.3ms
                                                                           sample_reg[0]      1 0.3ms
                                        datapath.datapath.accumulate.hi_ext[6]$legal$283      1 0.3ms
                                              $auto$alumacc.cc:512:replace_alu$1857.A[5]      1 0.3ms
                                    $auto$alumacc.cc:512:replace_alu$1866.A[0]$legal$579      1 0.3ms
        $abc$4432$flatten\datapath.\datapath.\accumulate.$ternary$rtl/tnf_add_full.v:139$1313_Y[7]      1 0.3ms
                                              $auto$alumacc.cc:512:replace_alu$1845.A[1]      1 0.3ms
                                              $auto$alumacc.cc:512:replace_alu$1863.A[8]      1 0.3ms
                                              $auto$alumacc.cc:512:replace_alu$1836.Y[1]      1 0.3ms
                                        datapath.datapath.accumulate.hi_ext[9]$legal$239      1 0.3ms
                                              $auto$alumacc.cc:512:replace_alu$1860.A[2]      1 0.3ms
                        $techmap5104$abc$4432$auto$blifparse.cc:557:parse_blif$4621.A[2]      1 0.3ms
                                          datapath.datapath.accumulate.round_up$legal$77      1 0.3ms
                                              $auto$alumacc.cc:512:replace_alu$1866.Y[2]      1 0.3ms
                                                               $PACKER_GND_NET$legal$347      1 0.3ms
                                       datapath.datapath.accumulate.hi_ext[10]$legal$241      1 0.3ms
                                                                $PACKER_GND_NET$legal$93      1 0.3ms
                                              $auto$alumacc.cc:512:replace_alu$1866.A[2]      1 0.3ms
                                                               $PACKER_GND_NET$legal$169      1 0.3ms
                                        datapath.datapath.accumulate.hi_ext[8]$legal$235      1 0.3ms
        $abc$4432$flatten\datapath.\datapath.\accumulate.$ternary$rtl/tnf_add_full.v:139$1313_Y[4]      1 0.3ms
                                                               $PACKER_GND_NET$legal$263      1 0.3ms
                        $techmap5231$abc$4432$auto$blifparse.cc:557:parse_blif$4767.A[3]      1 0.3ms
                        $techmap4949$abc$4432$auto$blifparse.cc:557:parse_blif$4434.A[0]      1 0.3ms
                           $techmap5307$abc$4432$auto$blifparse.cc:557:parse_blif$4844.A      2 0.3ms
                                                               $PACKER_GND_NET$legal$507      1 0.3ms
                                        datapath.datapath.accumulate.hi_ext[3]$legal$271      1 0.3ms
                                                                $PACKER_GND_NET$legal$97      1 0.3ms
                                              $auto$alumacc.cc:512:replace_alu$1857.A[7]      1 0.3ms
                                              $auto$alumacc.cc:512:replace_alu$1827.Y[3]      1 0.3ms
                                                                           sample_reg[2]      1 0.3ms
                                                               $PACKER_GND_NET$legal$535      1 0.3ms
                                                               $PACKER_GND_NET$legal$303      1 0.3ms
                                                                           sample_reg[1]      1 0.3ms
                                              $auto$alumacc.cc:512:replace_alu$1866.A[5]      1 0.3ms
             $flatten\datapath.\datapath.\accumulate.$ge$rtl/tnf_add_full.v:51$1216.G[0]      1 0.3ms
                                                               $PACKER_GND_NET$legal$619      1 0.3ms
                                              $auto$alumacc.cc:512:replace_alu$1860.A[6]      1 0.3ms
                                        datapath.datapath.accumulate.hi_off[3]$legal$331      1 0.3ms
                                                                         next_result[12]      1 0.3ms
        $abc$4432$flatten\datapath.\datapath.\accumulate.$ternary$rtl/tnf_add_full.v:139$1313_Y[6]      1 0.3ms
                                                               $PACKER_GND_NET$legal$137      1 0.3ms
                                                                         next_result[14]      1 0.3ms
                        $techmap5229$abc$4432$auto$blifparse.cc:557:parse_blif$4765.A[3]      1 0.3ms
        $abc$4432$flatten\datapath.\datapath.\accumulate.$ternary$rtl/tnf_add_full.v:139$1313_Y[13]      1 0.3ms
                                                               $PACKER_GND_NET$legal$165      1 0.2ms
                                              $auto$alumacc.cc:512:replace_alu$1863.A[5]      1 0.2ms
                                              $auto$alumacc.cc:512:replace_alu$1854.Y[1]      1 0.2ms
                                        datapath.datapath.accumulate.hi_off[5]$legal$339      1 0.2ms
        $abc$4432$flatten\datapath.\datapath.\accumulate.$ternary$rtl/tnf_add_full.v:139$1313_Y[5]      1 0.2ms
        $abc$4432$flatten\datapath.\datapath.\accumulate.$ternary$rtl/tnf_add_full.v:139$1313_Y[15]      1 0.2ms
                                        datapath.datapath.accumulate.hi_off[2]$legal$327      1 0.2ms
                                                               $PACKER_GND_NET$legal$641      1 0.2ms
                        $techmap5146$abc$4432$auto$blifparse.cc:557:parse_blif$4671.A[1]      2 0.2ms
                                              $auto$alumacc.cc:512:replace_alu$1860.A[5]      1 0.2ms
                                                   datapath.datapath.accumulate.round_up      2 0.2ms
                                        datapath.datapath.accumulate.hi_off[4]$legal$335      1 0.2ms
                                        datapath.datapath.accumulate.hi_off[5]$legal$215      1 0.2ms
                                        datapath.datapath.accumulate.hi_off[4]$legal$213      1 0.2ms
                        $techmap5246$abc$4432$auto$blifparse.cc:557:parse_blif$4779.A[3]      1 0.2ms
        $abc$4432$flatten\datapath.\datapath.\accumulate.$ternary$rtl/tnf_add_full.v:139$1313_Y[2]      1 0.2ms
                        $techmap5227$abc$4432$auto$blifparse.cc:557:parse_blif$4759.A[0]      1 0.2ms
                                              $auto$alumacc.cc:512:replace_alu$1857.A[3]      1 0.2ms
                                              $auto$alumacc.cc:512:replace_alu$1851.A[1]      1 0.2ms
                                        datapath.datapath.accumulate.hi_off[0]$legal$319      1 0.2ms
                                              $auto$alumacc.cc:512:replace_alu$1860.A[4]      1 0.2ms
                        $techmap5204$abc$4432$auto$blifparse.cc:557:parse_blif$4742.A[1]      1 0.2ms
                                              $auto$alumacc.cc:512:replace_alu$1854.Y[5]      1 0.2ms
                                              $auto$alumacc.cc:512:replace_alu$1845.A[4]      1 0.2ms
        $abc$4432$flatten\datapath.\datapath.\accumulate.$ternary$rtl/tnf_add_full.v:139$1313_Y[1]      1 0.2ms
                        $techmap5089$abc$4432$auto$blifparse.cc:557:parse_blif$4603.A[4]      1 0.2ms
        $flatten\datapath.\datapath.\accumulate.$ge$rtl/tnf_add_full.v:51$1216.G[2]$legal$615      1 0.2ms
                                    $abc$4432$auto$blifparse.cc:557:parse_blif$4540.A[2]      1 0.2ms
                                        datapath.datapath.accumulate.hi_off[6]$legal$343      1 0.2ms
                           $techmap5308$abc$4432$auto$blifparse.cc:557:parse_blif$4845.A      2 0.2ms
                        $techmap5093$abc$4432$auto$blifparse.cc:557:parse_blif$4598.A[1]      1 0.2ms
                                              $auto$alumacc.cc:512:replace_alu$1854.A[8]      1 0.2ms
                                              $auto$alumacc.cc:512:replace_alu$1866.A[4]      1 0.2ms
                                              $auto$alumacc.cc:512:replace_alu$1866.Y[8]      1 0.2ms
                                    $auto$alumacc.cc:512:replace_alu$1857.A[0]$legal$483      1 0.2ms
                                                               $PACKER_GND_NET$legal$415      1 0.2ms
        $abc$4432$flatten\datapath.\datapath.\accumulate.$ternary$rtl/tnf_add_full.v:139$1313_Y[8]      1 0.2ms
                                              $auto$alumacc.cc:512:replace_alu$1854.A[1]      1 0.2ms
             $flatten\datapath.\datapath.\accumulate.$gt$rtl/tnf_add_full.v:50$1214.G[0]      1 0.2ms
                                        datapath.datapath.accumulate.hi_off[1]$legal$323      1 0.2ms
                                              $auto$alumacc.cc:512:replace_alu$1860.A[7]      1 0.2ms
                                                                          next_result[0]      1 0.2ms
                                    $auto$alumacc.cc:512:replace_alu$1845.A[0]$legal$351      1 0.2ms
                                                                           sample_reg[6]      1 0.2ms
                                              $auto$alumacc.cc:512:replace_alu$1854.A[7]      1 0.2ms
                                                               $PACKER_GND_NET$legal$471      1 0.2ms
                        $techmap5093$abc$4432$auto$blifparse.cc:557:parse_blif$4598.A[2]      1 0.2ms
                                        datapath.datapath.accumulate.hi_off[6]$legal$217      1 0.2ms
                                                               $PACKER_GND_NET$legal$153      1 0.2ms
        $abc$4432$flatten\datapath.\datapath.\accumulate.$ternary$rtl/tnf_add_full.v:139$1313_Y[3]      1 0.2ms
                                                               $PACKER_GND_NET$legal$479      1 0.2ms
                                              $auto$alumacc.cc:512:replace_alu$1866.A[3]      1 0.2ms
                                              $auto$alumacc.cc:512:replace_alu$1854.Y[0]      1 0.2ms
                                        datapath.datapath.accumulate.hi_off[2]$legal$209      1 0.2ms
                                              $auto$alumacc.cc:512:replace_alu$1848.A[3]      1 0.2ms
                                                               $PACKER_GND_NET$legal$145      1 0.2ms
                                                                           sample_reg[7]      1 0.2ms
        $abc$4432$flatten\datapath.\datapath.\accumulate.$ternary$rtl/tnf_add_full.v:139$1313_Y[9]      1 0.2ms
                                              $auto$alumacc.cc:512:replace_alu$1854.A[3]      1 0.2ms
                                                               $PACKER_GND_NET$legal$221      1 0.2ms
                                              $auto$alumacc.cc:512:replace_alu$1845.A[6]      1 0.2ms
                                              $auto$alumacc.cc:512:replace_alu$1848.A[6]      1 0.2ms
                                              $auto$alumacc.cc:512:replace_alu$1854.A[4]      1 0.2ms
                                              $auto$alumacc.cc:512:replace_alu$1854.A[6]      1 0.2ms
                                              $auto$alumacc.cc:512:replace_alu$1848.A[8]      1 0.2ms
                                                                           $iopadmap$clk     52 0.2ms
                                    $auto$alumacc.cc:512:replace_alu$1848.A[0]$legal$387      1 0.2ms
                                    $auto$alumacc.cc:512:replace_alu$1854.A[0]$legal$451      1 0.2ms
                                              $auto$alumacc.cc:512:replace_alu$1848.A[4]      1 0.2ms
                                                               $PACKER_GND_NET$legal$411      1 0.1ms
                                              $auto$alumacc.cc:512:replace_alu$1848.A[2]      1 0.1ms
                                              $auto$alumacc.cc:512:replace_alu$1848.A[7]      1 0.1ms
                                                               $PACKER_GND_NET$legal$407      1 0.1ms
                                              $auto$alumacc.cc:512:replace_alu$1848.A[1]      1 0.1ms
                                              $auto$alumacc.cc:512:replace_alu$1848.A[5]      1 0.1ms
                                             $auto$alumacc.cc:512:replace_alu$1857.CO[7]      1 0.1ms
                                                     $auto$clkbufmap.cc:262:execute$5520      1 0.0ms
                                             $auto$alumacc.cc:512:replace_alu$1854.CO[7]      1 0.0ms
                                             $auto$alumacc.cc:512:replace_alu$1833.CO[3]      1 0.0ms
                                                                               result[8]      1 0.0ms
                                    $auto$alumacc.cc:512:replace_alu$1845.A[7]$legal$371      1 0.0ms
                                        datapath.datapath.accumulate.hi_ext[6]$legal$229      1 0.0ms
                                                               $PACKER_GND_NET$legal$185      1 0.0ms
                                                               $PACKER_VCC_NET$legal$125      1 0.0ms
                                             $auto$alumacc.cc:512:replace_alu$1857.CO[3]      1 0.0ms
                                                                               result[9]      1 0.0ms
                                             $auto$alumacc.cc:512:replace_alu$1851.CO[7]      1 0.0ms
                                             $auto$alumacc.cc:512:replace_alu$1842.CO[3]      1 0.0ms
                                             $auto$alumacc.cc:512:replace_alu$1839.CO[3]      1 0.0ms
                                                               $PACKER_GND_NET$legal$375      1 0.0ms
                                                               $PACKER_VCC_NET$legal$299      1 0.0ms
                                        datapath.datapath.accumulate.hi_ext[5]$legal$227      1 0.0ms
                                             $auto$alumacc.cc:512:replace_alu$1845.CO[3]      1 0.0ms
                                            $auto$alumacc.cc:512:replace_alu$1839.CO[11]      1 0.0ms
                                             $auto$alumacc.cc:512:replace_alu$1836.CO[7]      1 0.0ms
                                             $auto$alumacc.cc:512:replace_alu$1827.CO[7]      1 0.0ms
                                                               $PACKER_GND_NET$legal$447      1 0.0ms
                                                               $PACKER_GND_NET$legal$105      1 0.0ms
                                             $auto$alumacc.cc:512:replace_alu$1866.CO[3]      1 0.0ms
                                             $auto$alumacc.cc:512:replace_alu$1863.CO[3]      1 0.0ms
                                             $auto$alumacc.cc:512:replace_alu$1860.CO[7]      1 0.0ms
                                             $auto$alumacc.cc:512:replace_alu$1851.CO[3]      1 0.0ms
                                             $auto$alumacc.cc:512:replace_alu$1848.CO[7]      1 0.0ms
                                             $auto$alumacc.cc:512:replace_alu$1839.CO[7]      1 0.0ms
                                             $auto$alumacc.cc:512:replace_alu$1827.CO[3]      1 0.0ms
                                             $auto$alumacc.cc:512:replace_alu$1824.CO[7]      1 0.0ms
                 $techmap5300$abc$4432$auto$blifparse.cc:557:parse_blif$4837.A$legal$395      1 0.0ms
                                    $auto$alumacc.cc:512:replace_alu$1839.X[8]$legal$287      1 0.0ms
                                                               $PACKER_GND_NET$legal$129      1 0.0ms
                                             $auto$alumacc.cc:512:replace_alu$1866.CO[7]      1 0.0ms
                                             $auto$alumacc.cc:512:replace_alu$1863.CO[7]      1 0.0ms
                                             $auto$alumacc.cc:512:replace_alu$1860.CO[3]      1 0.0ms
                                             $auto$alumacc.cc:512:replace_alu$1854.CO[3]      1 0.0ms
                                             $auto$alumacc.cc:512:replace_alu$1848.CO[3]      1 0.0ms
                                             $auto$alumacc.cc:512:replace_alu$1845.CO[7]      1 0.0ms
                                             $auto$alumacc.cc:512:replace_alu$1836.CO[3]      1 0.0ms
                                             $auto$alumacc.cc:512:replace_alu$1830.CO[3]      1 0.0ms
                                             $auto$alumacc.cc:512:replace_alu$1824.CO[3]      1 0.0ms
        $abc$4432$auto$blifparse.cc:557:parse_blif$4651.genblk1.genblk1.genblk1.genblk1.genblk1.genblk1.genblk1.genblk1.genblk1.genblk1.lut1.genblk1.genblk1.genblk1.genblk1.genblk1.genblk1.genblk1.genblk1.genblk1.f0      1 0.0ms
        $flatten\datapath.\datapath.\accumulate.$gt$rtl/tnf_add_full.v:119$1302.genblk1.S[1]$legal$623      1 0.0ms
        $flatten\datapath.\datapath.\accumulate.$gt$rtl/tnf_add_full.v:119$1302.genblk1.S[0]$legal$621      1 0.0ms
                                                               $PACKER_GND_NET$legal$617      1 0.0ms
                                                               $PACKER_GND_NET$legal$605      1 0.0ms
                                                               $PACKER_GND_NET$legal$573      1 0.0ms
                          $abc$4432$auto$blifparse.cc:557:parse_blif$4686.A[0]$legal$561      1 0.0ms
                          $abc$4432$auto$blifparse.cc:557:parse_blif$4651.A[4]$legal$489      1 0.0ms
                                                               $PACKER_GND_NET$legal$477      1 0.0ms
                                    $auto$alumacc.cc:512:replace_alu$1848.A[0]$legal$385      1 0.0ms
                                                               $PACKER_GND_NET$legal$313      1 0.0ms
                                   datapath.datapath.accumulate.lo_aligned[11]$legal$297      1 0.0ms
                                       datapath.datapath.accumulate.hi_ext[10]$legal$295      1 0.0ms
                                   $auto$alumacc.cc:512:replace_alu$1839.X[10]$legal$293      1 0.0ms
                                    $auto$alumacc.cc:512:replace_alu$1839.X[5]$legal$277      1 0.0ms
                                    $auto$alumacc.cc:512:replace_alu$1836.X[6]$legal$237      1 0.0ms
                                                               $PACKER_GND_NET$legal$199      1 0.0ms
                                        datapath.datapath.accumulate.hi_off[5]$legal$191      1 0.0ms
                                      datapath.datapath.accumulate.exponent[5]$legal$143      1 0.0ms
                                                               $PACKER_GND_NET$legal$133      1 0.0ms
                                                                $PACKER_GND_NET$legal$67      1 0.0ms
                                                                $PACKER_GND_NET$legal$65      1 0.0ms
                                                                $PACKER_GND_NET$legal$61      1 0.0ms
                                                                $PACKER_GND_NET$legal$51      1 0.0ms
                                                                $PACKER_GND_NET$legal$49      1 0.0ms
                                                                $PACKER_VCC_NET$legal$37      1 0.0ms
                                                                $PACKER_GND_NET$legal$33      1 0.0ms
                                                                $PACKER_GND_NET$legal$29      1 0.0ms
                                                                $PACKER_GND_NET$legal$13      1 0.0ms
                                                                 $PACKER_VCC_NET$legal$7      1 0.0ms
                                                                 $PACKER_GND_NET$legal$5      1 0.0ms
                                                                              result[10]      1 0.0ms
                                              $auto$alumacc.cc:512:replace_alu$1839.X[7]      1 0.0ms
                                              $auto$alumacc.cc:512:replace_alu$1839.X[9]      1 0.0ms
                                              $auto$alumacc.cc:512:replace_alu$1833.X[4]      1 0.0ms
        $abc$4432$auto$blifparse.cc:557:parse_blif$4736.genblk1.genblk1.genblk1.genblk1.genblk1.genblk1.genblk1.genblk1.genblk1.genblk1.lut0.genblk1.genblk1.genblk1.genblk1.genblk1.genblk1.genblk1.genblk1.genblk1.f0      1 0.0ms
        $abc$4432$auto$blifparse.cc:557:parse_blif$4727.genblk1.genblk1.genblk1.genblk1.genblk1.genblk1.genblk1.genblk1.genblk1.f0      1 0.0ms
        $abc$4432$auto$blifparse.cc:557:parse_blif$4724.genblk1.genblk1.genblk1.genblk1.genblk1.genblk1.genblk1.genblk1.genblk1.f0      1 0.0ms
        $abc$4432$auto$blifparse.cc:557:parse_blif$4722.genblk1.genblk1.genblk1.genblk1.genblk1.genblk1.genblk1.genblk1.genblk1.f0      1 0.0ms
        $abc$4432$auto$blifparse.cc:557:parse_blif$4691.genblk1.genblk1.genblk1.genblk1.genblk1.genblk1.genblk1.genblk1.genblk1.genblk1.lut0.genblk1.genblk1.genblk1.genblk1.genblk1.genblk1.genblk1.genblk1.genblk1.f1      1 0.0ms
        $abc$4432$auto$blifparse.cc:557:parse_blif$4686.genblk1.genblk1.genblk1.genblk1.genblk1.genblk1.genblk1.genblk1.genblk1.genblk1.lut0.genblk1.genblk1.genblk1.genblk1.genblk1.genblk1.genblk1.genblk1.genblk1.f0      1 0.0ms
        $abc$4432$auto$blifparse.cc:557:parse_blif$4681.genblk1.genblk1.genblk1.genblk1.genblk1.genblk1.genblk1.genblk1.genblk1.genblk1.lut0.genblk1.genblk1.genblk1.genblk1.genblk1.genblk1.genblk1.genblk1.genblk1.f1      1 0.0ms
        $abc$4432$auto$blifparse.cc:557:parse_blif$4681.genblk1.genblk1.genblk1.genblk1.genblk1.genblk1.genblk1.genblk1.genblk1.genblk1.lut0.genblk1.genblk1.genblk1.genblk1.genblk1.genblk1.genblk1.genblk1.genblk1.f0      1 0.0ms
        $abc$4432$auto$blifparse.cc:557:parse_blif$4664.genblk1.genblk1.genblk1.genblk1.genblk1.genblk1.genblk1.genblk1.genblk1.genblk1.f1      1 0.0ms
        $abc$4432$auto$blifparse.cc:557:parse_blif$4664.genblk1.genblk1.genblk1.genblk1.genblk1.genblk1.genblk1.genblk1.genblk1.genblk1.lut1.genblk1.genblk1.genblk1.genblk1.genblk1.genblk1.genblk1.genblk1.genblk1.f1      1 0.0ms
        $abc$4432$auto$blifparse.cc:557:parse_blif$4661.genblk1.genblk1.genblk1.genblk1.genblk1.genblk1.genblk1.genblk1.genblk1.genblk1.lut0.genblk1.genblk1.genblk1.genblk1.genblk1.genblk1.genblk1.genblk1.genblk1.f1      1 0.0ms
        $abc$4432$auto$blifparse.cc:557:parse_blif$4652.genblk1.genblk1.genblk1.genblk1.genblk1.genblk1.genblk1.genblk1.genblk1.genblk1.lut1.genblk1.genblk1.genblk1.genblk1.genblk1.genblk1.genblk1.genblk1.genblk1.f1      1 0.0ms
        $abc$4432$auto$blifparse.cc:557:parse_blif$4651.genblk1.genblk1.genblk1.genblk1.genblk1.genblk1.genblk1.genblk1.genblk1.genblk1.f0      1 0.0ms
        $flatten\datapath.\datapath.\accumulate.$ge$rtl/tnf_add_full.v:51$1216.genblk1.S[0]      1 0.0ms
        $abc$4432$auto$blifparse.cc:557:parse_blif$4555.genblk1.genblk1.genblk1.genblk1.genblk1.genblk1.genblk1.genblk1.genblk1.genblk1.f0      1 0.0ms
        $abc$4432$auto$blifparse.cc:557:parse_blif$4537.genblk1.genblk1.genblk1.genblk1.genblk1.genblk1.genblk1.genblk1.genblk1.genblk1.lut0.genblk1.genblk1.genblk1.genblk1.genblk1.genblk1.genblk1.genblk1.genblk1.f1      1 0.0ms
        $abc$4432$auto$blifparse.cc:557:parse_blif$4536.genblk1.genblk1.genblk1.genblk1.genblk1.genblk1.genblk1.genblk1.genblk1.f1      1 0.0ms
        $abc$4432$auto$blifparse.cc:557:parse_blif$4534.genblk1.genblk1.genblk1.genblk1.genblk1.genblk1.genblk1.genblk1.genblk1.genblk1.f1      1 0.0ms
        $abc$4432$auto$blifparse.cc:557:parse_blif$4532.genblk1.genblk1.genblk1.genblk1.genblk1.genblk1.genblk1.genblk1.genblk1.genblk1.lut0.genblk1.genblk1.genblk1.genblk1.genblk1.genblk1.genblk1.genblk1.genblk1.f1      1 0.0ms
        $abc$4432$auto$blifparse.cc:557:parse_blif$4531.genblk1.genblk1.genblk1.genblk1.genblk1.genblk1.genblk1.genblk1.genblk1.genblk1.lut1.genblk1.genblk1.genblk1.genblk1.genblk1.genblk1.genblk1.genblk1.genblk1.f0      1 0.0ms
        $abc$4432$auto$blifparse.cc:557:parse_blif$4531.genblk1.genblk1.genblk1.genblk1.genblk1.genblk1.genblk1.genblk1.genblk1.genblk1.lut0.genblk1.genblk1.genblk1.genblk1.genblk1.genblk1.genblk1.genblk1.genblk1.f1      1 0.0ms
        $abc$4432$auto$blifparse.cc:557:parse_blif$4529.genblk1.genblk1.genblk1.genblk1.genblk1.genblk1.genblk1.genblk1.genblk1.genblk1.lut1.genblk1.genblk1.genblk1.genblk1.genblk1.genblk1.genblk1.genblk1.genblk1.f0      1 0.0ms
        $abc$4432$auto$blifparse.cc:557:parse_blif$4529.genblk1.genblk1.genblk1.genblk1.genblk1.genblk1.genblk1.genblk1.genblk1.genblk1.lut0.genblk1.genblk1.genblk1.genblk1.genblk1.genblk1.genblk1.genblk1.genblk1.f1      1 0.0ms
        $abc$4432$auto$blifparse.cc:557:parse_blif$4526.genblk1.genblk1.genblk1.genblk1.genblk1.genblk1.genblk1.genblk1.genblk1.genblk1.f1      1 0.0ms
        $abc$4432$auto$blifparse.cc:557:parse_blif$4501.genblk1.genblk1.genblk1.genblk1.genblk1.genblk1.genblk1.genblk1.genblk1.genblk1.f0      1 0.0ms
        $abc$4432$auto$blifparse.cc:557:parse_blif$4492.genblk1.genblk1.genblk1.genblk1.genblk1.genblk1.genblk1.genblk1.genblk1.f1      1 0.0ms
        $abc$4432$auto$blifparse.cc:557:parse_blif$4437.genblk1.genblk1.genblk1.genblk1.genblk1.genblk1.genblk1.genblk1.genblk1.genblk1.lut1.genblk1.genblk1.genblk1.genblk1.genblk1.genblk1.genblk1.genblk1.genblk1.f1      1 0.0ms
        $abc$4432$auto$blifparse.cc:557:parse_blif$4437.genblk1.genblk1.genblk1.genblk1.genblk1.genblk1.genblk1.genblk1.genblk1.genblk1.lut0.genblk1.genblk1.genblk1.genblk1.genblk1.genblk1.genblk1.genblk1.genblk1.f0      1 0.0ms
                                                               $PACKER_GND_NET$legal$639      1 0.0ms
        $flatten\datapath.\datapath.\accumulate.$gt$rtl/tnf_add_full.v:50$1214.genblk1.S[2]$legal$635      1 0.0ms
        $flatten\datapath.\datapath.\accumulate.$gt$rtl/tnf_add_full.v:50$1214.genblk1.S[1]$legal$631      1 0.0ms
                                    $auto$alumacc.cc:512:replace_alu$1833.X[0]$legal$629      1 0.0ms
                                                               $PACKER_GND_NET$legal$625      1 0.0ms
        $flatten\datapath.\datapath.\accumulate.$ge$rtl/tnf_add_full.v:51$1216.genblk1.S[2]$legal$613      1 0.0ms
        $flatten\datapath.\datapath.\accumulate.$ge$rtl/tnf_add_full.v:51$1216.genblk1.S[1]$legal$609      1 0.0ms
                                                               $PACKER_GND_NET$legal$601      1 0.0ms
                                                               $PACKER_GND_NET$legal$597      1 0.0ms
                 $techmap5351$abc$4432$auto$blifparse.cc:557:parse_blif$4888.A$legal$595      1 0.0ms
                          $abc$4432$auto$blifparse.cc:557:parse_blif$4722.A[2]$legal$593      1 0.0ms
                          $abc$4432$auto$blifparse.cc:557:parse_blif$4723.A[2]$legal$591      1 0.0ms
                          $abc$4432$auto$blifparse.cc:557:parse_blif$4724.A[2]$legal$589      1 0.0ms
                          $abc$4432$auto$blifparse.cc:557:parse_blif$4726.A[2]$legal$587      1 0.0ms
                          $abc$4432$auto$blifparse.cc:557:parse_blif$4727.A[2]$legal$585      1 0.0ms
                          $abc$4432$auto$blifparse.cc:557:parse_blif$4728.A[2]$legal$583      1 0.0ms
                          $abc$4432$auto$blifparse.cc:557:parse_blif$4729.A[2]$legal$581      1 0.0ms
                                    $auto$alumacc.cc:512:replace_alu$1866.A[0]$legal$577      1 0.0ms
                                                               $PACKER_GND_NET$legal$569      1 0.0ms
                                                               $PACKER_GND_NET$legal$565      1 0.0ms
                          $abc$4432$auto$blifparse.cc:557:parse_blif$4695.A[0]$legal$563      1 0.0ms
                          $abc$4432$auto$blifparse.cc:557:parse_blif$4693.A[0]$legal$559      1 0.0ms
              $techmap5161$abc$4432$auto$blifparse.cc:557:parse_blif$4678.A[1]$legal$557      1 0.0ms
                          $abc$4432$auto$blifparse.cc:557:parse_blif$4683.A[0]$legal$555      1 0.0ms
                          $abc$4432$auto$blifparse.cc:557:parse_blif$4681.A[1]$legal$553      1 0.0ms
                          $abc$4432$auto$blifparse.cc:557:parse_blif$4681.A[0]$legal$551      1 0.0ms
                          $abc$4432$auto$blifparse.cc:557:parse_blif$4689.A[0]$legal$549      1 0.0ms
                                    $auto$alumacc.cc:512:replace_alu$1863.A[0]$legal$545      1 0.0ms
                                                               $PACKER_GND_NET$legal$541      1 0.0ms
                                                               $PACKER_GND_NET$legal$537      1 0.0ms
                                                               $PACKER_GND_NET$legal$533      1 0.0ms
                          $abc$4432$auto$blifparse.cc:557:parse_blif$4664.A[0]$legal$531      1 0.0ms
                          $abc$4432$auto$blifparse.cc:557:parse_blif$4659.A[1]$legal$529      1 0.0ms
                          $abc$4432$auto$blifparse.cc:557:parse_blif$4664.A[1]$legal$527      1 0.0ms
                          $abc$4432$auto$blifparse.cc:557:parse_blif$4661.A[1]$legal$525      1 0.0ms
                          $abc$4432$auto$blifparse.cc:557:parse_blif$4659.A[0]$legal$523      1 0.0ms
                 $techmap5327$abc$4432$auto$blifparse.cc:557:parse_blif$4864.A$legal$521      1 0.0ms
                 $techmap5326$abc$4432$auto$blifparse.cc:557:parse_blif$4863.A$legal$519      1 0.0ms
                 $techmap5328$abc$4432$auto$blifparse.cc:557:parse_blif$4865.A$legal$517      1 0.0ms
                                    $auto$alumacc.cc:512:replace_alu$1860.A[0]$legal$513      1 0.0ms
                                                               $PACKER_GND_NET$legal$509      1 0.0ms
                                                               $PACKER_GND_NET$legal$505      1 0.0ms
                                                               $PACKER_GND_NET$legal$501      1 0.0ms
                          $abc$4432$auto$blifparse.cc:557:parse_blif$4447.A[1]$legal$499      1 0.0ms
                          $abc$4432$auto$blifparse.cc:557:parse_blif$4646.A[3]$legal$497      1 0.0ms
                          $abc$4432$auto$blifparse.cc:557:parse_blif$4646.A[4]$legal$495      1 0.0ms
                          $abc$4432$auto$blifparse.cc:557:parse_blif$4447.A[2]$legal$493      1 0.0ms
                          $abc$4432$auto$blifparse.cc:557:parse_blif$4651.A[3]$legal$491      1 0.0ms
                 $techmap5321$abc$4432$auto$blifparse.cc:557:parse_blif$4858.A$legal$487      1 0.0ms
                          $abc$4432$auto$blifparse.cc:557:parse_blif$4447.A[3]$legal$485      1 0.0ms
                                    $auto$alumacc.cc:512:replace_alu$1857.A[0]$legal$481      1 0.0ms
                                                               $PACKER_GND_NET$legal$473      1 0.0ms
                                                               $PACKER_GND_NET$legal$469      1 0.0ms
                          $abc$4432$auto$blifparse.cc:557:parse_blif$4530.A[3]$legal$467      1 0.0ms
                          $abc$4432$auto$blifparse.cc:557:parse_blif$4530.A[5]$legal$465      1 0.0ms
                          $abc$4432$auto$blifparse.cc:557:parse_blif$4530.A[1]$legal$463      1 0.0ms
                          $abc$4432$auto$blifparse.cc:557:parse_blif$4530.A[6]$legal$461      1 0.0ms
              $techmap5122$abc$4432$auto$blifparse.cc:557:parse_blif$4634.A[0]$legal$459      1 0.0ms
                          $abc$4432$auto$blifparse.cc:557:parse_blif$4530.A[2]$legal$457      1 0.0ms
                          $abc$4432$auto$blifparse.cc:557:parse_blif$4530.A[4]$legal$455      1 0.0ms
                 $techmap5316$abc$4432$auto$blifparse.cc:557:parse_blif$4853.A$legal$453      1 0.0ms
                                    $auto$alumacc.cc:512:replace_alu$1854.A[0]$legal$449      1 0.0ms
                                                               $PACKER_GND_NET$legal$445      1 0.0ms
                                                               $PACKER_GND_NET$legal$441      1 0.0ms
                                                               $PACKER_GND_NET$legal$437      1 0.0ms
                          $abc$4432$auto$blifparse.cc:557:parse_blif$4526.A[4]$legal$435      1 0.0ms
                          $abc$4432$auto$blifparse.cc:557:parse_blif$4540.A[6]$legal$433      1 0.0ms
                          $abc$4432$auto$blifparse.cc:557:parse_blif$4532.A[5]$legal$431      1 0.0ms
                          $abc$4432$auto$blifparse.cc:557:parse_blif$4531.A[0]$legal$429      1 0.0ms
                          $abc$4432$auto$blifparse.cc:557:parse_blif$4529.A[0]$legal$427      1 0.0ms
                 $techmap5308$abc$4432$auto$blifparse.cc:557:parse_blif$4845.A$legal$425      1 0.0ms
                 $techmap5307$abc$4432$auto$blifparse.cc:557:parse_blif$4844.A$legal$423      1 0.0ms
                          $abc$4432$auto$blifparse.cc:557:parse_blif$4526.A[0]$legal$421      1 0.0ms
                                    $auto$alumacc.cc:512:replace_alu$1851.A[0]$legal$417      1 0.0ms
                                                               $PACKER_GND_NET$legal$413      1 0.0ms
                                                               $PACKER_GND_NET$legal$409      1 0.0ms
                                                               $PACKER_GND_NET$legal$405      1 0.0ms
                 $techmap5345$abc$4432$auto$blifparse.cc:557:parse_blif$4882.A$legal$403      1 0.0ms
                 $techmap5299$abc$4432$auto$blifparse.cc:557:parse_blif$4836.A$legal$401      1 0.0ms
                 $techmap5298$abc$4432$auto$blifparse.cc:557:parse_blif$4835.A$legal$399      1 0.0ms
                 $techmap5301$abc$4432$auto$blifparse.cc:557:parse_blif$4838.A$legal$397      1 0.0ms
              $techmap4990$abc$4432$auto$blifparse.cc:557:parse_blif$4490.A[4]$legal$393      1 0.0ms
              $techmap4990$abc$4432$auto$blifparse.cc:557:parse_blif$4490.A[5]$legal$391      1 0.0ms
              $techmap4991$abc$4432$auto$blifparse.cc:557:parse_blif$4451.A[1]$legal$389      1 0.0ms
                                                               $PACKER_GND_NET$legal$381      1 0.0ms
                                                               $PACKER_GND_NET$legal$377      1 0.0ms
                                                               $PACKER_GND_NET$legal$373      1 0.0ms
                                    $auto$alumacc.cc:512:replace_alu$1845.X[7]$legal$369      1 0.0ms
                                    $auto$alumacc.cc:512:replace_alu$1845.X[7]$legal$365      1 0.0ms
                                    $auto$alumacc.cc:512:replace_alu$1845.X[6]$legal$363      1 0.0ms
                                    $auto$alumacc.cc:512:replace_alu$1845.X[5]$legal$361      1 0.0ms
                                    $auto$alumacc.cc:512:replace_alu$1845.X[4]$legal$359      1 0.0ms
                                    $auto$alumacc.cc:512:replace_alu$1845.X[3]$legal$357      1 0.0ms
                                    $auto$alumacc.cc:512:replace_alu$1845.X[2]$legal$355      1 0.0ms
                                    $auto$alumacc.cc:512:replace_alu$1845.X[1]$legal$353      1 0.0ms
                                    $auto$alumacc.cc:512:replace_alu$1845.A[0]$legal$349      1 0.0ms
                                                               $PACKER_VCC_NET$legal$345      1 0.0ms
                          $abc$4432$auto$blifparse.cc:557:parse_blif$4473.A[0]$legal$341      1 0.0ms
                          $abc$4432$auto$blifparse.cc:557:parse_blif$4454.A[1]$legal$337      1 0.0ms
                          $abc$4432$auto$blifparse.cc:557:parse_blif$4497.A[0]$legal$333      1 0.0ms
                          $abc$4432$auto$blifparse.cc:557:parse_blif$4492.A[0]$legal$329      1 0.0ms
                          $abc$4432$auto$blifparse.cc:557:parse_blif$4471.A[0]$legal$325      1 0.0ms
                          $abc$4432$auto$blifparse.cc:557:parse_blif$4469.A[5]$legal$321      1 0.0ms
                                        datapath.datapath.accumulate.hi_off[0]$legal$317      1 0.0ms
                                                               $PACKER_GND_NET$legal$309      1 0.0ms
                                                               $PACKER_GND_NET$legal$305      1 0.0ms
                                                               $PACKER_VCC_NET$legal$301      1 0.0ms
                                    $auto$alumacc.cc:512:replace_alu$1839.X[6]$legal$281      1 0.0ms
                                    $auto$alumacc.cc:512:replace_alu$1839.X[4]$legal$273      1 0.0ms
                                    $auto$alumacc.cc:512:replace_alu$1839.X[3]$legal$269      1 0.0ms
                                   $auto$alumacc.cc:512:replace_alu$1839.BB[2]$legal$265      1 0.0ms
                                   $auto$alumacc.cc:512:replace_alu$1839.BB[1]$legal$261      1 0.0ms
                                   $auto$alumacc.cc:512:replace_alu$1839.BB[0]$legal$257      1 0.0ms
                                                               $PACKER_GND_NET$legal$253      1 0.0ms
                                                               $PACKER_GND_NET$legal$249      1 0.0ms
                                                               $PACKER_GND_NET$legal$245      1 0.0ms
                                    $auto$alumacc.cc:512:replace_alu$1836.X[4]$legal$231      1 0.0ms
                                                               $PACKER_GND_NET$legal$219      1 0.0ms
                                    $auto$alumacc.cc:512:replace_alu$1833.X[0]$legal$203      1 0.0ms
Info: Router2 time 3.51s
Info: Routing $PACKER_VCC_NET connections...
Info:     $PACKER_VCC_NET: 204/204 sinks bridged (0 left to main router; max BFS 30)
Info: Routing $PACKER_GND_NET connections...
Info:     $PACKER_GND_NET: 139/139 sinks bridged (0 left to main router; max BFS 555)
Info: Running post-routing legalisation...

Info: Critical path report for clock '$iopadmap$clk' (posedge -> posedge):
Info: curr total
Info:  0.1  0.1  Source $auto$ff.cc:337:slice$2421.Q
Info:  0.2  0.2    Net weight_reg[0] budget 0.000000 ns (14,125) -> (14,125)
Info:                Sink $abc$4432$auto$blifparse.cc:557:parse_blif$4439.A3
Info:  0.1  0.4  Source $abc$4432$auto$blifparse.cc:557:parse_blif$4439.O6
Info:  0.6  1.0    Net $techmap4951$abc$4432$auto$blifparse.cc:557:parse_blif$4438.A[0] budget 0.000000 ns (14,125) -> (10,125)
Info:                Sink $abc$4432$auto$blifparse.cc:557:parse_blif$4565.A2
Info:  0.1  1.1  Source $abc$4432$auto$blifparse.cc:557:parse_blif$4565.O6
Info:  1.2  2.3    Net $techmap5051$abc$4432$auto$blifparse.cc:557:parse_blif$4562.A[0] budget 0.000000 ns (10,125) -> (10,112)
Info:                Sink $abc$4432$auto$blifparse.cc:557:parse_blif$4784.A2
Info:  0.1  2.5  Source $abc$4432$auto$blifparse.cc:557:parse_blif$4784.O6
Info:  1.2  3.6    Net $flatten\datapath.\datapath.\accumulate.$ge$rtl/tnf_add_full.v:51$1216.genblk1.S[2] budget 0.000000 ns (10,112) -> (10,124)
Info:                Sink $flatten\datapath.\datapath.\accumulate.$ge$rtl/tnf_add_full.v:51$1216.genblk1.S[2]$LUT$614.A5
Info:  0.1  3.7  Source $flatten\datapath.\datapath.\accumulate.$ge$rtl/tnf_add_full.v:51$1216.genblk1.S[2]$LUT$614.O6
Info:  0.0  3.7    Net $flatten\datapath.\datapath.\accumulate.$ge$rtl/tnf_add_full.v:51$1216.genblk1.S[2]$legal$613 budget -2.393000 ns (10,124) -> (10,124)
Info:                Sink $flatten\datapath.\datapath.\accumulate.$ge$rtl/tnf_add_full.v:51$1216.genblk1.slice[0].genblk1.carry4.S2
Info:  0.3  4.0  Source $flatten\datapath.\datapath.\accumulate.$ge$rtl/tnf_add_full.v:51$1216.genblk1.slice[0].genblk1.carry4.CO2
Info:  0.6  4.6    Net $flatten\datapath.\datapath.\accumulate.$ge$rtl/tnf_add_full.v:51$1216.CO[2] budget 0.000000 ns (10,124) -> (13,124)
Info:                Sink $abc$4432$auto$blifparse.cc:557:parse_blif$4436.A2
Info:  0.1  4.7  Source $abc$4432$auto$blifparse.cc:557:parse_blif$4436.O6
Info:  0.9  5.6    Net $techmap4949$abc$4432$auto$blifparse.cc:557:parse_blif$4434.A[0] budget 0.000000 ns (13,124) -> (10,127)
Info:                Sink $abc$4432$auto$blifparse.cc:557:parse_blif$4434.A4
Info:  0.1  5.7  Source $abc$4432$auto$blifparse.cc:557:parse_blif$4434.O6
Info:  1.4  7.1    Net $techmap4952$abc$4432$auto$blifparse.cc:557:parse_blif$4433.A[2] budget 0.000000 ns (10,127) -> (14,114)
Info:                Sink $abc$4432$auto$blifparse.cc:557:parse_blif$4568.A4
Info:  0.1  7.2  Source $abc$4432$auto$blifparse.cc:557:parse_blif$4568.O6
Info:  1.1  8.4    Net $techmap5057$abc$4432$auto$blifparse.cc:557:parse_blif$4567.A[1] budget 0.000000 ns (14,114) -> (13,123)
Info:                Sink $abc$4432$auto$blifparse.cc:557:parse_blif$4567.A5
Info:  0.1  8.5  Source $abc$4432$auto$blifparse.cc:557:parse_blif$4567.O6
Info:  0.8  9.3    Net $techmap5059$abc$4432$auto$blifparse.cc:557:parse_blif$4566.A[1] budget 0.000000 ns (13,123) -> (10,126)
Info:                Sink $abc$4432$auto$blifparse.cc:557:parse_blif$4566.A2
Info:  0.1  9.4  Source $abc$4432$auto$blifparse.cc:557:parse_blif$4566.O6
Info:  1.3 10.7    Net $techmap5063$abc$4432$auto$blifparse.cc:557:parse_blif$4557.A[1] budget 0.000000 ns (10,126) -> (14,117)
Info:                Sink $abc$4432$auto$blifparse.cc:557:parse_blif$4557.A1
Info:  0.1 10.8  Source $abc$4432$auto$blifparse.cc:557:parse_blif$4557.O6
Info:  0.8 11.6    Net $auto$alumacc.cc:512:replace_alu$1839.X[5] budget 0.000000 ns (14,117) -> (10,119)
Info:                Sink $abc$4432$auto$blifparse.cc:557:parse_blif$4819.A3
Info:  0.1 11.7  Source $abc$4432$auto$blifparse.cc:557:parse_blif$4819.O6
Info:  0.0 11.7    Net $auto$alumacc.cc:512:replace_alu$1836.X[2] budget -1.709000 ns (10,119) -> (10,119)
Info:                Sink $auto$alumacc.cc:512:replace_alu$1836.genblk1.slice[0].genblk1.carry4.S2
Info:  0.4 12.1  Source $auto$alumacc.cc:512:replace_alu$1836.genblk1.slice[0].genblk1.carry4.CO3
Info:  0.1 12.2    Net $auto$alumacc.cc:512:replace_alu$1836.CO[3] budget -1.112000 ns (10,119) -> (10,118)
Info:                Sink $auto$alumacc.cc:512:replace_alu$1836.genblk1.slice[1].genblk1.carry4.CIN
Info:  0.1 12.3  Source $auto$alumacc.cc:512:replace_alu$1836.genblk1.slice[1].genblk1.carry4.CO3
Info:  0.1 12.4    Net $auto$alumacc.cc:512:replace_alu$1836.CO[7] budget -1.078000 ns (10,118) -> (10,117)
Info:                Sink $auto$alumacc.cc:512:replace_alu$1836.genblk1.slice[2].genblk1.carry4.CIN
Info:  0.2 12.6  Source $auto$alumacc.cc:512:replace_alu$1836.genblk1.slice[2].genblk1.carry4.O0
Info:  1.2 13.8    Net $auto$alumacc.cc:512:replace_alu$1836.Y[8] budget 0.000000 ns (10,117) -> (14,123)
Info:                Sink $abc$4432$auto$blifparse.cc:557:parse_blif$4467.A4
Info:  0.1 13.9  Source $abc$4432$auto$blifparse.cc:557:parse_blif$4467.O6
Info:  0.6 14.6    Net $abc$4432$auto$blifparse.cc:557:parse_blif$4454.A[6] budget -0.554000 ns (14,123) -> (14,125)
Info:                Sink $abc$4432$auto$blifparse.cc:557:parse_blif$4454.genblk1.genblk1.genblk1.genblk1.genblk1.genblk1.genblk1.genblk1.genblk1.mux7.S0
Info:  0.3 14.9  Source $abc$4432$auto$blifparse.cc:557:parse_blif$4454.genblk1.genblk1.genblk1.genblk1.genblk1.genblk1.genblk1.genblk1.genblk1.mux7.OUT
Info:  0.8 15.7    Net $auto$alumacc.cc:512:replace_alu$1845.A[0] budget 0.000000 ns (14,125) -> (17,123)
Info:                Sink $auto$alumacc.cc:512:replace_alu$1845.A[0]$LUT$350.A2
Info:  0.1 15.8  Source $auto$alumacc.cc:512:replace_alu$1845.A[0]$LUT$350.O6
Info:  0.0 15.8    Net $auto$alumacc.cc:512:replace_alu$1845.A[0]$legal$349 budget -1.111000 ns (17,123) -> (17,123)
Info:                Sink $auto$alumacc.cc:512:replace_alu$1845.genblk1.slice[0].genblk1.carry4.S0
Info:  0.5 16.3  Source $auto$alumacc.cc:512:replace_alu$1845.genblk1.slice[0].genblk1.carry4.CO3
Info:  0.1 16.4    Net $auto$alumacc.cc:512:replace_alu$1845.CO[3] budget -0.523000 ns (17,123) -> (17,122)
Info:                Sink $auto$alumacc.cc:512:replace_alu$1845.genblk1.slice[1].genblk1.carry4.CIN
Info:  0.2 16.6  Source $auto$alumacc.cc:512:replace_alu$1845.genblk1.slice[1].genblk1.carry4.O0
Info:  0.8 17.4    Net $auto$alumacc.cc:512:replace_alu$1845.Y[4] budget -0.263000 ns (17,122) -> (17,125)
Info:                Sink $abc$4432$auto$blifparse.cc:557:parse_blif$4501.genblk1.genblk1.genblk1.genblk1.genblk1.genblk1.genblk1.genblk1.genblk1.genblk1.lut1.genblk1.genblk1.genblk1.genblk1.genblk1.genblk1.genblk1.genblk1.genblk1.mux7.S0
Info:  0.3 17.7  Source $abc$4432$auto$blifparse.cc:557:parse_blif$4501.genblk1.genblk1.genblk1.genblk1.genblk1.genblk1.genblk1.genblk1.genblk1.genblk1.lut1.genblk1.genblk1.genblk1.genblk1.genblk1.genblk1.genblk1.genblk1.genblk1.mux7.OUT
Info:  0.0 17.7    Net $abc$4432$auto$blifparse.cc:557:parse_blif$4501.genblk1.genblk1.genblk1.genblk1.genblk1.genblk1.genblk1.genblk1.genblk1.genblk1.f1 budget -0.982000 ns (17,125) -> (17,125)
Info:                Sink $abc$4432$auto$blifparse.cc:557:parse_blif$4501.genblk1.genblk1.genblk1.genblk1.genblk1.genblk1.genblk1.genblk1.genblk1.genblk1.mux8.1
Info:  0.1 17.8  Source $abc$4432$auto$blifparse.cc:557:parse_blif$4501.genblk1.genblk1.genblk1.genblk1.genblk1.genblk1.genblk1.genblk1.genblk1.genblk1.mux8.OUT
Info:  0.6 18.4    Net $techmap4990$abc$4432$auto$blifparse.cc:557:parse_blif$4490.A[3] budget 0.000000 ns (17,125) -> (23,122)
Info:                Sink $abc$4432$auto$blifparse.cc:557:parse_blif$4514.A1
Info:  0.1 18.5  Source $abc$4432$auto$blifparse.cc:557:parse_blif$4514.O6
Info:  0.7 19.2    Net $techmap5300$abc$4432$auto$blifparse.cc:557:parse_blif$4837.A budget 0.000000 ns (23,122) -> (23,119)
Info:                Sink $techmap5300$abc$4432$auto$blifparse.cc:557:parse_blif$4837.A$LUT$396.A5
Info:  0.1 19.4  Source $techmap5300$abc$4432$auto$blifparse.cc:557:parse_blif$4837.A$LUT$396.O6
Info:  0.0 19.4    Net $techmap5300$abc$4432$auto$blifparse.cc:557:parse_blif$4837.A$legal$395 budget -0.883000 ns (23,119) -> (23,119)
Info:                Sink $auto$alumacc.cc:512:replace_alu$1848.genblk1.slice[1].genblk1.carry4.S0
Info:  0.6 19.9  Source $auto$alumacc.cc:512:replace_alu$1848.genblk1.slice[1].genblk1.carry4.O3
Info:  0.6 20.5    Net $auto$alumacc.cc:512:replace_alu$1848.Y[7] budget 0.000000 ns (23,119) -> (24,118)
Info:                Sink $abc$4432$auto$blifparse.cc:557:parse_blif$4541.A5
Info:  0.1 20.7  Source $abc$4432$auto$blifparse.cc:557:parse_blif$4541.O6
Info:  0.9 21.5    Net $abc$4432$auto$blifparse.cc:557:parse_blif$4540.A[6] budget 0.000000 ns (24,118) -> (17,119)
Info:                Sink $abc$4432$auto$blifparse.cc:557:parse_blif$4540.A[6]$LUT$434.A3
Info:  0.1 21.6  Source $abc$4432$auto$blifparse.cc:557:parse_blif$4540.A[6]$LUT$434.O6
Info:  0.0 21.6    Net $abc$4432$auto$blifparse.cc:557:parse_blif$4540.A[6]$legal$433 budget -0.620000 ns (17,119) -> (17,119)
Info:                Sink $auto$alumacc.cc:512:replace_alu$1851.genblk1.slice[1].genblk1.carry4.S3
Info:  0.4 22.0  Source $auto$alumacc.cc:512:replace_alu$1851.genblk1.slice[1].genblk1.carry4.CO3
Info:  0.1 22.1    Net $auto$alumacc.cc:512:replace_alu$1851.CO[7] budget -0.186000 ns (17,119) -> (17,118)
Info:                Sink $auto$alumacc.cc:512:replace_alu$1851.genblk1.slice[2].genblk1.carry4.CIN
Info:  0.2 22.3  Source $auto$alumacc.cc:512:replace_alu$1851.genblk1.slice[2].genblk1.carry4.O0
Info:  0.8 23.1    Net $auto$alumacc.cc:512:replace_alu$1851.genblk1.O[8] budget 0.000000 ns (17,118) -> (17,114)
Info:                Sink $abc$4432$auto$blifparse.cc:557:parse_blif$4536.genblk1.genblk1.genblk1.genblk1.genblk1.genblk1.genblk1.genblk1.genblk1.lut1.A3
Info:  0.1 23.2  Source $abc$4432$auto$blifparse.cc:557:parse_blif$4536.genblk1.genblk1.genblk1.genblk1.genblk1.genblk1.genblk1.genblk1.genblk1.lut1.O6
Info:  0.0 23.2    Net $abc$4432$auto$blifparse.cc:557:parse_blif$4536.genblk1.genblk1.genblk1.genblk1.genblk1.genblk1.genblk1.genblk1.genblk1.f1 budget -0.726000 ns (17,114) -> (17,114)
Info:                Sink $abc$4432$auto$blifparse.cc:557:parse_blif$4536.genblk1.genblk1.genblk1.genblk1.genblk1.genblk1.genblk1.genblk1.genblk1.mux7.1
Info:  0.2 23.4  Source $abc$4432$auto$blifparse.cc:557:parse_blif$4536.genblk1.genblk1.genblk1.genblk1.genblk1.genblk1.genblk1.genblk1.genblk1.mux7.OUT
Info:  0.6 24.1    Net $abc$4432$auto$blifparse.cc:557:parse_blif$4530.A[3] budget 0.000000 ns (17,114) -> (14,121)
Info:                Sink $abc$4432$auto$blifparse.cc:557:parse_blif$4530.genblk1.genblk1.genblk1.genblk1.genblk1.genblk1.genblk1.genblk1.genblk1.lut1.A4
Info:  0.1 24.2  Source $abc$4432$auto$blifparse.cc:557:parse_blif$4530.genblk1.genblk1.genblk1.genblk1.genblk1.genblk1.genblk1.genblk1.genblk1.lut1.O6
Info:  0.0 24.2    Net $abc$4432$auto$blifparse.cc:557:parse_blif$4530.genblk1.genblk1.genblk1.genblk1.genblk1.genblk1.genblk1.genblk1.genblk1.f1 budget -0.718000 ns (14,121) -> (14,121)
Info:                Sink $abc$4432$auto$blifparse.cc:557:parse_blif$4530.genblk1.genblk1.genblk1.genblk1.genblk1.genblk1.genblk1.genblk1.genblk1.mux7.1
Info:  0.2 24.4  Source $abc$4432$auto$blifparse.cc:557:parse_blif$4530.genblk1.genblk1.genblk1.genblk1.genblk1.genblk1.genblk1.genblk1.genblk1.mux7.OUT
Info:  1.5 26.0    Net $techmap5036$abc$4432$auto$blifparse.cc:557:parse_blif$4448.A[1] budget 0.000000 ns (14,121) -> (24,112)
Info:                Sink $abc$4432$auto$blifparse.cc:557:parse_blif$4553.A1
Info:  0.1 26.1  Source $abc$4432$auto$blifparse.cc:557:parse_blif$4553.O6
Info:  1.3 27.4    Net $abc$4432$auto$blifparse.cc:557:parse_blif$4447.A[4] budget 0.000000 ns (24,112) -> (13,116)
Info:                Sink $abc$4432$auto$blifparse.cc:557:parse_blif$4447.genblk1.genblk1.genblk1.genblk1.genblk1.genblk1.genblk1.genblk1.genblk1.lut1.A1
Info:  0.1 27.5  Source $abc$4432$auto$blifparse.cc:557:parse_blif$4447.genblk1.genblk1.genblk1.genblk1.genblk1.genblk1.genblk1.genblk1.genblk1.lut1.O6
Info:  0.0 27.5    Net $abc$4432$auto$blifparse.cc:557:parse_blif$4447.genblk1.genblk1.genblk1.genblk1.genblk1.genblk1.genblk1.genblk1.genblk1.f1 budget -0.668000 ns (13,116) -> (13,116)
Info:                Sink $abc$4432$auto$blifparse.cc:557:parse_blif$4447.genblk1.genblk1.genblk1.genblk1.genblk1.genblk1.genblk1.genblk1.genblk1.mux7.1
Info:  0.2 27.7  Source $abc$4432$auto$blifparse.cc:557:parse_blif$4447.genblk1.genblk1.genblk1.genblk1.genblk1.genblk1.genblk1.genblk1.genblk1.mux7.OUT
Info:  1.4 29.1    Net $abc$4432$auto$blifparse.cc:557:parse_blif$4646.A[6] budget 0.000000 ns (13,116) -> (23,111)
Info:                Sink $abc$4432$auto$blifparse.cc:557:parse_blif$4644.A1
Info:  0.1 29.2  Source $abc$4432$auto$blifparse.cc:557:parse_blif$4644.O6
Info:  0.9 30.2    Net $techmap5327$abc$4432$auto$blifparse.cc:557:parse_blif$4864.A budget 0.000000 ns (23,111) -> (14,112)
Info:                Sink $techmap5327$abc$4432$auto$blifparse.cc:557:parse_blif$4864.A$LUT$522.A2
Info:  0.1 30.3  Source $techmap5327$abc$4432$auto$blifparse.cc:557:parse_blif$4864.A$LUT$522.O6
Info:  0.0 30.3    Net $techmap5327$abc$4432$auto$blifparse.cc:557:parse_blif$4864.A$legal$521 budget -0.470000 ns (14,112) -> (14,112)
Info:                Sink $auto$alumacc.cc:512:replace_alu$1860.genblk1.slice[0].genblk1.carry4.S3
Info:  0.4 30.7  Source $auto$alumacc.cc:512:replace_alu$1860.genblk1.slice[0].genblk1.carry4.CO3
Info:  0.1 30.8    Net $auto$alumacc.cc:512:replace_alu$1860.CO[3] budget -0.053000 ns (14,112) -> (14,111)
Info:                Sink $auto$alumacc.cc:512:replace_alu$1860.genblk1.slice[1].genblk1.carry4.CIN
Info:  0.3 31.1  Source $auto$alumacc.cc:512:replace_alu$1860.genblk1.slice[1].genblk1.carry4.O1
Info:  0.8 31.9    Net $auto$alumacc.cc:512:replace_alu$1860.Y[5] budget 0.000000 ns (14,111) -> (17,113)
Info:                Sink $abc$4432$auto$blifparse.cc:557:parse_blif$4679.A4
Info:  0.1 32.0  Source $abc$4432$auto$blifparse.cc:557:parse_blif$4679.O6
Info:  1.1 33.1    Net $techmap5161$abc$4432$auto$blifparse.cc:557:parse_blif$4678.A[1] budget 0.000000 ns (17,113) -> (14,119)
Info:                Sink $techmap5161$abc$4432$auto$blifparse.cc:557:parse_blif$4678.A[1]$LUT$558.A5
Info:  0.1 33.2  Source $techmap5161$abc$4432$auto$blifparse.cc:557:parse_blif$4678.A[1]$LUT$558.O6
Info:  0.0 33.2    Net $techmap5161$abc$4432$auto$blifparse.cc:557:parse_blif$4678.A[1]$legal$557 budget -0.419000 ns (14,119) -> (14,119)
Info:                Sink $auto$alumacc.cc:512:replace_alu$1863.genblk1.slice[1].genblk1.carry4.S1
Info:  0.6 33.9  Source $auto$alumacc.cc:512:replace_alu$1863.genblk1.slice[1].genblk1.carry4.O3
Info:  1.0 34.9    Net $auto$alumacc.cc:512:replace_alu$1863.Y[7] budget 0.110000 ns (14,119) -> (10,120)
Info:                Sink $abc$4432$auto$blifparse.cc:557:parse_blif$4686.genblk1.genblk1.genblk1.genblk1.genblk1.genblk1.genblk1.genblk1.genblk1.genblk1.lut0.genblk1.genblk1.genblk1.genblk1.genblk1.genblk1.genblk1.genblk1.genblk1.mux7.S0
Info:  0.3 35.2  Source $abc$4432$auto$blifparse.cc:557:parse_blif$4686.genblk1.genblk1.genblk1.genblk1.genblk1.genblk1.genblk1.genblk1.genblk1.genblk1.lut0.genblk1.genblk1.genblk1.genblk1.genblk1.genblk1.genblk1.genblk1.genblk1.mux7.OUT
Info:  0.0 35.2    Net $abc$4432$auto$blifparse.cc:557:parse_blif$4686.genblk1.genblk1.genblk1.genblk1.genblk1.genblk1.genblk1.genblk1.genblk1.genblk1.f0 budget -0.397000 ns (10,120) -> (10,120)
Info:                Sink $abc$4432$auto$blifparse.cc:557:parse_blif$4686.genblk1.genblk1.genblk1.genblk1.genblk1.genblk1.genblk1.genblk1.genblk1.genblk1.mux8.0
Info:  0.1 35.3  Source $abc$4432$auto$blifparse.cc:557:parse_blif$4686.genblk1.genblk1.genblk1.genblk1.genblk1.genblk1.genblk1.genblk1.genblk1.genblk1.mux8.OUT
Info:  1.2 36.5    Net $abc$4432$auto$blifparse.cc:557:parse_blif$4722.A[2] budget 0.000000 ns (10,120) -> (13,111)
Info:                Sink $abc$4432$auto$blifparse.cc:557:parse_blif$4722.A[2]$LUT$594.A3
Info:  0.1 36.6  Source $abc$4432$auto$blifparse.cc:557:parse_blif$4722.A[2]$LUT$594.O6
Info:  0.0 36.6    Net $abc$4432$auto$blifparse.cc:557:parse_blif$4722.A[2]$legal$593 budget -0.360000 ns (13,111) -> (13,111)
Info:                Sink $auto$alumacc.cc:512:replace_alu$1866.genblk1.slice[1].genblk1.carry4.S3
Info:  0.2 36.9  Source $auto$alumacc.cc:512:replace_alu$1866.genblk1.slice[1].genblk1.carry4.O3
Info:  1.3 38.1    Net $auto$alumacc.cc:512:replace_alu$1866.Y[7] budget 0.000000 ns (13,111) -> (10,122)
Info:                Sink $abc$4432$auto$blifparse.cc:557:parse_blif$4722.genblk1.genblk1.genblk1.genblk1.genblk1.genblk1.genblk1.genblk1.genblk1.lut1.A4
Info:  0.1 38.3  Source $abc$4432$auto$blifparse.cc:557:parse_blif$4722.genblk1.genblk1.genblk1.genblk1.genblk1.genblk1.genblk1.genblk1.genblk1.lut1.O6
Info:  0.0 38.3    Net $abc$4432$auto$blifparse.cc:557:parse_blif$4722.genblk1.genblk1.genblk1.genblk1.genblk1.genblk1.genblk1.genblk1.genblk1.f1 budget -0.501000 ns (10,122) -> (10,122)
Info:                Sink $abc$4432$auto$blifparse.cc:557:parse_blif$4722.genblk1.genblk1.genblk1.genblk1.genblk1.genblk1.genblk1.genblk1.genblk1.mux7.1
Info:  0.2 38.5  Source $abc$4432$auto$blifparse.cc:557:parse_blif$4722.genblk1.genblk1.genblk1.genblk1.genblk1.genblk1.genblk1.genblk1.genblk1.mux7.OUT
Info:  1.1 39.6    Net datapath.datapath.accumulate.exponent[7] budget 0.000000 ns (10,122) -> (10,111)
Info:                Sink datapath.datapath.accumulate.exponent[7]$LUT$152.A3
Info:  0.1 39.7  Source datapath.datapath.accumulate.exponent[7]$LUT$152.O6
Info:  0.0 39.7    Net datapath.datapath.accumulate.exponent[7]$legal$151 budget -0.334000 ns (10,111) -> (10,111)
Info:                Sink $auto$alumacc.cc:512:replace_alu$1827.genblk1.slice[1].genblk1.carry4.S3
Info:  0.4 40.1  Source $auto$alumacc.cc:512:replace_alu$1827.genblk1.slice[1].genblk1.carry4.CO3
Info:  0.1 40.2    Net $auto$alumacc.cc:512:replace_alu$1827.CO[7] budget 0.064000 ns (10,111) -> (10,110)
Info:                Sink $auto$alumacc.cc:512:replace_alu$1827.genblk1.slice[2].genblk1.carry4.CIN
Info:  0.2 40.5  Source $auto$alumacc.cc:512:replace_alu$1827.genblk1.slice[2].genblk1.carry4.O0
Info:  0.6 41.0    Net $auto$alumacc.cc:512:replace_alu$1827.Y[8] budget 0.000000 ns (10,110) -> (13,110)
Info:                Sink $abc$4432$auto$blifparse.cc:557:parse_blif$4745.A4
Info:  0.1 41.2  Source $abc$4432$auto$blifparse.cc:557:parse_blif$4745.O6
Info:  1.7 42.8    Net $abc$4432$auto$blifparse.cc:557:parse_blif$4736.A[6] budget 0.106000 ns (13,110) -> (10,125)
Info:                Sink $abc$4432$auto$blifparse.cc:557:parse_blif$4736.genblk1.genblk1.genblk1.genblk1.genblk1.genblk1.genblk1.genblk1.genblk1.genblk1.lut0.genblk1.genblk1.genblk1.genblk1.genblk1.genblk1.genblk1.genblk1.genblk1.mux7.S0
Info:  0.3 43.1  Source $abc$4432$auto$blifparse.cc:557:parse_blif$4736.genblk1.genblk1.genblk1.genblk1.genblk1.genblk1.genblk1.genblk1.genblk1.genblk1.lut0.genblk1.genblk1.genblk1.genblk1.genblk1.genblk1.genblk1.genblk1.genblk1.mux7.OUT
Info:  0.0 43.1    Net $abc$4432$auto$blifparse.cc:557:parse_blif$4736.genblk1.genblk1.genblk1.genblk1.genblk1.genblk1.genblk1.genblk1.genblk1.genblk1.f0 budget -0.326000 ns (10,125) -> (10,125)
Info:                Sink $abc$4432$auto$blifparse.cc:557:parse_blif$4736.genblk1.genblk1.genblk1.genblk1.genblk1.genblk1.genblk1.genblk1.genblk1.genblk1.mux8.0
Info:  0.1 43.2  Source $abc$4432$auto$blifparse.cc:557:parse_blif$4736.genblk1.genblk1.genblk1.genblk1.genblk1.genblk1.genblk1.genblk1.genblk1.genblk1.mux8.OUT
Info:  1.3 44.6    Net $techmap5216$abc$4432$auto$blifparse.cc:557:parse_blif$4735.A[2] budget 0.000000 ns (10,125) -> (13,112)
Info:                Sink $abc$4432$auto$blifparse.cc:557:parse_blif$4753.A1
Info:  0.1 44.7  Source $abc$4432$auto$blifparse.cc:557:parse_blif$4753.O6
Info:  0.0 44.7    Net $abc$4432$flatten\datapath.\datapath.\accumulate.$ternary$rtl/tnf_add_full.v:139$1313_Y[11] budget -0.475000 ns (13,112) -> (13,112)
Info:                Sink $auto$ff.cc:337:slice$2470.D
Info:  0.1 44.8  Setup $auto$ff.cc:337:slice$2470.D
Info: 11.3 ns logic, 33.5 ns routing

Info: Max frequency for clock '$iopadmap$clk': 22.31 MHz (FAIL at 50.00 MHz)

Info: Slack histogram:
Info:  legend: * represents 1 endpoint(s)
Info:          + represents [1,1) endpoint(s)
Info: [-24814, -22745) |************* 
Info: [-22745, -20676) |** 
Info: [-20676, -18607) | 
Info: [-18607, -16538) | 
Info: [-16538, -14469) | 
Info: [-14469, -12400) | 
Info: [-12400, -10331) | 
Info: [-10331,  -8262) | 
Info: [ -8262,  -6193) | 
Info: [ -6193,  -4124) | 
Info: [ -4124,  -2055) | 
Info: [ -2055,     14) | 
Info: [    14,   2083) | 
Info: [  2083,   4152) |* 
Info: [  4152,   6221) | 
Info: [  6221,   8290) | 
Info: [  8290,  10359) | 
Info: [ 10359,  12428) | 
Info: [ 12428,  14497) | 
Info: [ 14497,  16566) |************** 
